1,pst:PSPTO_0073,Purine metabolism - Pseudomonas syringae pv. tomato DC3000,Nucleotide Metabolism,,,,Nucleotide Metabolism,57
1,pst:PSPTO_0075,Purine metabolism - Pseudomonas syringae pv. tomato DC3000,Nucleotide Metabolism,,,,Amino Acid Metabolism,193
1,pst:PSPTO_0080,Pyrimidine metabolism - Pseudomonas syringae pv. tomato DC3000,Nucleotide Metabolism,,,,Carbohydrate Metabolism,116
1,pst:PSPTO_0082,Arginine biosynthesis - Pseudomonas syringae pv. tomato DC3000,Amino Acid Metabolism,,,,Cofactor Metabolism,67
1,pst:PSPTO_0083,Fructose and mannose metabolism - Pseudomonas syringae pv. tomato DC3000,Carbohydrate Metabolism,,,,Lipid Metabolism,18
1,pst:PSPTO_0084,Pyrimidine metabolism - Pseudomonas syringae pv. tomato DC3000,Nucleotide Metabolism,,,,Sulfur Metabolism,9
1,pst:PSPTO_0085,Pantothenate and CoA biosynthesis - Pseudomonas syringae pv. tomato DC3000,Cofactor Metabolism,,,,Xenobiotic Metabolism,43
1,pst:PSPTO_0092,Arginine and proline metabolism - Pseudomonas syringae pv. tomato DC3000,Amino Acid Metabolism,,,,Virulence,23
1,pst:PSPTO_0095,Glycerophospholipid metabolism - Pseudomonas syringae pv. tomato DC3000,Lipid Metabolism,,,,Transport,60
1,pst:PSPTO_0101,Phenylalanine metabolism - Pseudomonas syringae pv. tomato DC3000,Amino Acid Metabolism,,,,Glycolysis,17
1,pst:PSPTO_0103,D-Alanine metabolism - Pseudomonas syringae pv. tomato DC3000,Amino Acid Metabolism,,,,Interacton with the Environment,4
1,pst:PSPTO_0109,Sulfur metabolism - Pseudomonas syringae pv. tomato DC3000,Sulfur Metabolism,,,,Protein Biosynthesis,5
1,pst:PSPTO_0112,Purine metabolism - Pseudomonas syringae pv. tomato DC3000,Nucleotide Metabolism,,,,Secondary Metabolism,11
1,pst:PSPTO_0125,"Alanine, aspartate and glutamate metabolism - Pseudomonas syringae pv. tomato DC3000",Amino Acid Metabolism,,,,Oxidative Phosphorylation,3
1,pst:PSPTO_0128,Porphyrin and chlorophyll metabolism - Pseudomonas syringae pv. tomato DC3000,Xenobiotic Metabolism,,,,Nitrogen Metabolism,9
1,pst:PSPTO_0129,Porphyrin and chlorophyll metabolism - Pseudomonas syringae pv. tomato DC3000,Xenobiotic Metabolism,,,,Antibiotic Metabolism,7
1,pst:PSPTO_0130,Porphyrin and chlorophyll metabolism - Pseudomonas syringae pv. tomato DC3000,Xenobiotic Metabolism,,,,TCA,23
1,pst:PSPTO_0169,Biosynthesis of amino acids - Pseudomonas syringae pv. tomato DC3000,Amino Acid Metabolism,,,,Carbon Metabolism,1
1,pst:PSPTO_0170,Porphyrin and chlorophyll metabolism - Pseudomonas syringae pv. tomato DC3000,Xenobiotic Metabolism,,,,Iron Metabolism,1
1,pst:PSPTO_0178,One carbon pool by folate - Pseudomonas syringae pv. tomato DC3000,Cofactor Metabolism,,,,Regulation,3
1,pst:PSPTO_0182,Lipopolysaccharide biosynthesis - Pseudomonas syringae pv. tomato DC3000,Virulence,,,,Fatty Acid Metabolism,11
1,pst:PSPTO_0186,Lipopolysaccharide biosynthesis - Pseudomonas syringae pv. tomato DC3000,Virulence,,,,,
1,pst:PSPTO_0187,Glycerophospholipid metabolism - Pseudomonas syringae pv. tomato DC3000,Lipid Metabolism,,,,,
1,pst:PSPTO_0209,Lysine biosynthesis - Pseudomonas syringae pv. tomato DC3000,Amino Acid Metabolism,,,,,
1,pst:PSPTO_0221,Riboflavin metabolism - Pseudomonas syringae pv. tomato DC3000,Cofactor Metabolism,,,,,
1,pst:PSPTO_0224,Lysine biosynthesis - Pseudomonas syringae pv. tomato DC3000,Amino Acid Metabolism,,,,,
1,pst:PSPTO_0225,Lysine biosynthesis - Pseudomonas syringae pv. tomato DC3000,Amino Acid Metabolism,,,,,
1,pst:PSPTO_0257,"Alanine, aspartate and glutamate metabolism - Pseudomonas syringae pv. tomato DC3000",Amino Acid Metabolism,,,,,
1,pst:PSPTO_0259,"Alanine, aspartate and glutamate metabolism - Pseudomonas syringae pv. tomato DC3000",Amino Acid Metabolism,,,,,
1,pst:PSPTO_0272,Thiamine metabolism - Pseudomonas syringae pv. tomato DC3000,Cofactor Metabolism,,,,,
1,pst:PSPTO_0300,"Alanine, aspartate and glutamate metabolism - Pseudomonas syringae pv. tomato DC3000",Amino Acid Metabolism,,,,,
1,pst:PSPTO_0301,"Alanine, aspartate and glutamate metabolism - Pseudomonas syringae pv. tomato DC3000",Amino Acid Metabolism,,,,,
1,pst:PSPTO_0308,ABC transporters - Pseudomonas syringae pv. tomato DC3000,Transport,,,,,
1,pst:PSPTO_0309,ABC transporters - Pseudomonas syringae pv. tomato DC3000,Transport,,,,,
1,pst:PSPTO_0310,ABC transporters - Pseudomonas syringae pv. tomato DC3000,Transport,,,,,
1,pst:PSPTO_0311,ABC transporters - Pseudomonas syringae pv. tomato DC3000,Transport,,,,,
1,pst:PSPTO_0316,"Glycine, serine and threonine metabolism - Pseudomonas syringae pv. tomato DC3000",Amino Acid Metabolism,,,,,
1,pst:PSPTO_0317,"Glycine, serine and threonine metabolism - Pseudomonas syringae pv. tomato DC3000",Amino Acid Metabolism,,,,,
1,pst:PSPTO_0323,Arginine biosynthesis - Pseudomonas syringae pv. tomato DC3000,Amino Acid Metabolism,,,,,
1,pst:PSPTO_0325,Cysteine and methionine metabolism - Pseudomonas syringae pv. tomato DC3000,Amino Acid Metabolism,,,,,
1,pst:PSPTO_0346,"Glycine, serine and threonine metabolism - Pseudomonas syringae pv. tomato DC3000",Amino Acid Metabolism,,,,,
1,pst:PSPTO_0359,"Alanine, aspartate and glutamate metabolism - Pseudomonas syringae pv. tomato DC3000",Amino Acid Metabolism,,,,,
1,pst:PSPTO_0363,Fructose and mannose metabolism - Pseudomonas syringae pv. tomato DC3000,Carbohydrate Metabolism,,,,,
1,pst:PSPTO_0364,ABC transporters - Pseudomonas syringae pv. tomato DC3000,Transport,,,,,
1,pst:PSPTO_0383,Cysteine and methionine metabolism - Pseudomonas syringae pv. tomato DC3000,Amino Acid Metabolism,,,,,
1,pst:PSPTO_0385,Pentose phosphate pathway - Pseudomonas syringae pv. tomato DC3000,Carbohydrate Metabolism,,,,,
1,pst:PSPTO_0387,Glycolysis / Gluconeogenesis - Pseudomonas syringae pv. tomato DC3000,Glycolysis,,,,,
1,pst:PSPTO_0390,Glycolysis / Gluconeogenesis - Pseudomonas syringae pv. tomato DC3000,Glycolysis,,,,,
1,pst:PSPTO_0410,"Glycine, serine and threonine metabolism - Pseudomonas syringae pv. tomato DC3000",Amino Acid Metabolism,,,,,
1,pst:PSPTO_0417,Pantothenate and CoA biosynthesis - Pseudomonas syringae pv. tomato DC3000,Cofactor Metabolism,,,,,
1,pst:PSPTO_0420,Cysteine and methionine metabolism - Pseudomonas syringae pv. tomato DC3000,Amino Acid Metabolism,,,,,
1,pst:PSPTO_0434,Thiamine metabolism - Pseudomonas syringae pv. tomato DC3000,Cofactor Metabolism,,,,,
1,pst:PSPTO_0437,Folate biosynthesis - Pseudomonas syringae pv. tomato DC3000,Cofactor Metabolism,,,,,
1,pst:PSPTO_0441,"Glycine, serine and threonine metabolism - Pseudomonas syringae pv. tomato DC3000",Amino Acid Metabolism,,,,,
1,pst:PSPTO_0443,"Glycine, serine and threonine metabolism - Pseudomonas syringae pv. tomato DC3000",Amino Acid Metabolism,,,,,
1,pst:PSPTO_0455,Chloroalkane and chloroalkene degradation - Pseudomonas syringae pv. tomato DC3000,Xenobiotic Metabolism,,,,,
1,pst:PSPTO_0458,"Glycine, serine and threonine metabolism - Pseudomonas syringae pv. tomato DC3000",Amino Acid Metabolism,,,,,
1,pst:PSPTO_0460,"Glycine, serine and threonine metabolism - Pseudomonas syringae pv. tomato DC3000",Amino Acid Metabolism,,,,,
1,pst:PSPTO_0463,ABC transporters - Pseudomonas syringae pv. tomato DC3000,Transport,,,,,
1,pst:PSPTO_0480,Pyruvate metabolism - Pseudomonas syringae pv. tomato DC3000,Carbohydrate Metabolism,,,,,
1,pst:PSPTO_0486,Quorum sensing - Pseudomonas syringae pv. tomato DC3000,Interacton with the Environment,,,,,
1,pst:PSPTO_0487,Quorum sensing - Pseudomonas syringae pv. tomato DC3000,Interacton with the Environment,,,,,
1,pst:PSPTO_0488,Quorum sensing - Pseudomonas syringae pv. tomato DC3000,Interacton with the Environment,,,,,
1,pst:PSPTO_0489,Quorum sensing - Pseudomonas syringae pv. tomato DC3000,Interacton with the Environment,,,,,
1,pst:PSPTO_0490,Purine metabolism - Pseudomonas syringae pv. tomato DC3000,Nucleotide Metabolism,,,,,
1,pst:PSPTO_0495,Biotin metabolism - Pseudomonas syringae pv. tomato DC3000,Cofactor Metabolism,,,,,
1,pst:PSPTO_0498,Biotin metabolism - Pseudomonas syringae pv. tomato DC3000,Cofactor Metabolism,,,,,
1,pst:PSPTO_0517,Lysine degradation - Pseudomonas syringae pv. tomato DC3000,Amino Acid Metabolism,,,,,
1,pst:PSPTO_0518,Lysine degradation - Pseudomonas syringae pv. tomato DC3000,Amino Acid Metabolism,,,,,
1,pst:PSPTO_0542,Folate biosynthesis - Pseudomonas syringae pv. tomato DC3000,Cofactor Metabolism,,,,,
1,pst:PSPTO_0543,Folate biosynthesis - Pseudomonas syringae pv. tomato DC3000,Cofactor Metabolism,,,,,
1,pst:PSPTO_0548,Sulfur metabolism - Pseudomonas syringae pv. tomato DC3000,Sulfur Metabolism,,,,,
1,pst:PSPTO_0566,Pentose phosphate pathway - Pseudomonas syringae pv. tomato DC3000,Carbohydrate Metabolism,,,,,
1,pst:PSPTO_0567,Glyoxylate and dicarboxylate metabolism - Pseudomonas syringae pv. tomato DC3000,Carbohydrate Metabolism,,,,,
1,pst:PSPTO_0568,"Phenylalanine, tyrosine and tryptophan biosynthesis - Pseudomonas syringae pv. tomato DC3000",Amino Acid Metabolism,,,,,
1,pst:PSPTO_0592,"Phenylalanine, tyrosine and tryptophan biosynthesis - Pseudomonas syringae pv. tomato DC3000",Amino Acid Metabolism,,,,,
1,pst:PSPTO_0593,"Phenylalanine, tyrosine and tryptophan biosynthesis - Pseudomonas syringae pv. tomato DC3000",Amino Acid Metabolism,,,,,
1,pst:PSPTO_0594,"Phenylalanine, tyrosine and tryptophan biosynthesis - Pseudomonas syringae pv. tomato DC3000",Amino Acid Metabolism,,,,,
1,pst:PSPTO_0598,Cysteine and methionine metabolism - Pseudomonas syringae pv. tomato DC3000,Amino Acid Metabolism,,,,,
1,pst:PSPTO_0604,Arginine biosynthesis - Pseudomonas syringae pv. tomato DC3000,Amino Acid Metabolism,,,,,
1,pst:PSPTO_0609,Aminoacyl-tRNA biosynthesis - Pseudomonas syringae pv. tomato DC3000,Protein Biosynthesis,,,,,
1,pst:PSPTO_0611,Pantothenate and CoA biosynthesis - Pseudomonas syringae pv. tomato DC3000,Cofactor Metabolism,,,,,
1,pst:PSPTO_0659,Inositol phosphate metabolism - Pseudomonas syringae pv. tomato DC3000,Carbohydrate Metabolism,,,,,
1,pst:PSPTO_0660,Glycerophospholipid metabolism - Pseudomonas syringae pv. tomato DC3000,Lipid Metabolism,,,,,
1,pst:PSPTO_0678,Galactose metabolism - Pseudomonas syringae pv. tomato DC3000,Carbohydrate Metabolism,,,,,
1,pst:PSPTO_0690,Riboflavin metabolism - Pseudomonas syringae pv. tomato DC3000,Cofactor Metabolism,,,,,
1,pst:PSPTO_0691,Riboflavin metabolism - Pseudomonas syringae pv. tomato DC3000,Cofactor Metabolism,,,,,
1,pst:PSPTO_0692,Riboflavin metabolism - Pseudomonas syringae pv. tomato DC3000,Cofactor Metabolism,,,,,
1,pst:PSPTO_0695,Thiamine metabolism - Pseudomonas syringae pv. tomato DC3000,Cofactor Metabolism,,,,,
1,pst:PSPTO_0698,Thiamine metabolism - Pseudomonas syringae pv. tomato DC3000,Cofactor Metabolism,,,,,
1,pst:PSPTO_0699,Terpenoid backbone biosynthesis - Pseudomonas syringae pv. tomato DC3000,Secondary Metabolism,,,,,
1,pst:PSPTO_0701,Cysteine and methionine metabolism - Pseudomonas syringae pv. tomato DC3000,Amino Acid Metabolism,,,,,
1,pst:PSPTO_0722,Oxidative phosphorylation - Pseudomonas syringae pv. tomato DC3000,Oxidative Phosphorylation,,,,,
1,pst:PSPTO_0728,Glycolysis / Gluconeogenesis - Pseudomonas syringae pv. tomato DC3000,Glycolysis,,,,,
1,pst:PSPTO_0730,Ubiquinone and other terpenoid-quinone biosynthesis - Pseudomonas syringae pv. tomato DC3000,Cofactor Metabolism,,,,,
1,pst:PSPTO_0744,Pyruvate metabolism - Pseudomonas syringae pv. tomato DC3000,Carbohydrate Metabolism,,,,,
1,pst:PSPTO_0757,Purine metabolism - Pseudomonas syringae pv. tomato DC3000,Nucleotide Metabolism,,,,,
1,pst:PSPTO_0761,ABC transporters - Pseudomonas syringae pv. tomato DC3000,Transport,,,,,
1,pst:PSPTO_0763,ABC transporters - Pseudomonas syringae pv. tomato DC3000,Transport,,,,,
1,pst:PSPTO_0774,beta-Alanine metabolism - Pseudomonas syringae pv. tomato DC3000,Amino Acid Metabolism,,,,,
1,pst:PSPTO_0775,Inositol phosphate metabolism - Pseudomonas syringae pv. tomato DC3000,Carbohydrate Metabolism,,,,,
1,pst:PSPTO_0782,beta-Alanine metabolism - Pseudomonas syringae pv. tomato DC3000,Amino Acid Metabolism,,,,,
1,pst:PSPTO_0782,"Valine, leucine and isoleucine degradation - Pseudomonas syringae pv. tomato DC3000",Amino Acid Metabolism,,,,,
1,pst:PSPTO_0783,"Valine, leucine and isoleucine degradation - Pseudomonas syringae pv. tomato DC3000",Amino Acid Metabolism,,,,,
1,pst:PSPTO_0787,Cyanoamino acid metabolism - Pseudomonas syringae pv. tomato DC3000,Amino Acid Metabolism,,,,,
1,pst:PSPTO_0793,Selenocompound metabolism - Pseudomonas syringae pv. tomato DC3000,Xenobiotic Metabolism,,,,,
1,pst:PSPTO_0796,Terpenoid backbone biosynthesis - Pseudomonas syringae pv. tomato DC3000,Secondary Metabolism,,,,,
1,pst:PSPTO_0800,Arginine and proline metabolism - Pseudomonas syringae pv. tomato DC3000,Amino Acid Metabolism,,,,,
1,pst:PSPTO_0805,Riboflavin metabolism - Pseudomonas syringae pv. tomato DC3000,Cofactor Metabolism,,,,,
1,pst:PSPTO_0809,Terpenoid backbone biosynthesis - Pseudomonas syringae pv. tomato DC3000,Secondary Metabolism,,,,,
1,pst:PSPTO_0873,"Glycine, serine and threonine metabolism - Pseudomonas syringae pv. tomato DC3000",Amino Acid Metabolism,,,,,
1,pst:PSPTO_0885,Galactose metabolism - Pseudomonas syringae pv. tomato DC3000,Carbohydrate Metabolism,,,,,
1,pst:PSPTO_0917,Oxidative phosphorylation - Pseudomonas syringae pv. tomato DC3000,Oxidative Phosphorylation,,,,,
1,pst:PSPTO_0948,Nicotinate and nicotinamide metabolism - Pseudomonas syringae pv. tomato DC3000,Cofactor Metabolism,,,,,
1,pst:PSPTO_0954,Fructose and mannose metabolism - Pseudomonas syringae pv. tomato DC3000,Carbohydrate Metabolism,,,,,
1,pst:PSPTO_0955,Fructose and mannose metabolism - Pseudomonas syringae pv. tomato DC3000,Carbohydrate Metabolism,,,,,
1,pst:PSPTO_0956,Fructose and mannose metabolism - Pseudomonas syringae pv. tomato DC3000,Carbohydrate Metabolism,,,,,
1,pst:PSPTO_0959,Glycolysis / Gluconeogenesis - Pseudomonas syringae pv. tomato DC3000,Glycolysis,,,,,
1,pst:PSPTO_0960,beta-Alanine metabolism - Pseudomonas syringae pv. tomato DC3000,Amino Acid Metabolism,,,,,
1,pst:PSPTO_0961,Pantothenate and CoA biosynthesis - Pseudomonas syringae pv. tomato DC3000,Cofactor Metabolism,,,,,
1,pst:PSPTO_0962,Folate biosynthesis - Pseudomonas syringae pv. tomato DC3000,Cofactor Metabolism,,,,,
1,pst:PSPTO_0973,Pentose phosphate pathway - Pseudomonas syringae pv. tomato DC3000,Carbohydrate Metabolism,,,,,
1,pst:PSPTO_0981,"Valine, leucine and isoleucine biosynthesis - Pseudomonas syringae pv. tomato DC3000",Amino Acid Metabolism,,,,,
1,pst:PSPTO_0982,"Valine, leucine and isoleucine biosynthesis - Pseudomonas syringae pv. tomato DC3000",Amino Acid Metabolism,,,,,
1,pst:PSPTO_0983,"Valine, leucine and isoleucine biosynthesis - Pseudomonas syringae pv. tomato DC3000",Amino Acid Metabolism,,,,,
1,pst:PSPTO_0984,"Glycine, serine and threonine metabolism - Pseudomonas syringae pv. tomato DC3000",Amino Acid Metabolism,,,,,
1,pst:PSPTO_0994,Nitrogen metabolism - Pseudomonas syringae pv. tomato DC3000,Nitrogen Metabolism,,,,,
1,pst:PSPTO_1010,Folate biosynthesis - Pseudomonas syringae pv. tomato DC3000,Cofactor Metabolism,,,,,
1,pst:PSPTO_1041,"Phenylalanine, tyrosine and tryptophan biosynthesis - Pseudomonas syringae pv. tomato DC3000",Amino Acid Metabolism,,,,,
1,pst:PSPTO_1047,Glycolysis / Gluconeogenesis - Pseudomonas syringae pv. tomato DC3000,Glycolysis,,,,,
1,pst:PSPTO_1053,Ascorbate and aldarate metabolism - Pseudomonas syringae pv. tomato DC3000,Carbohydrate Metabolism,,,,,
1,pst:PSPTO_1056,Butanoate metabolism - Pseudomonas syringae pv. tomato DC3000,Carbohydrate Metabolism,,,,,
1,pst:PSPTO_1077,Streptomycin biosynthesis - Pseudomonas syringae pv. tomato DC3000,Antibiotic Metabolism,,,,,
1,pst:PSPTO_1079,Streptomycin biosynthesis - Pseudomonas syringae pv. tomato DC3000,Antibiotic Metabolism,,,,,
1,pst:PSPTO_1080,Streptomycin biosynthesis - Pseudomonas syringae pv. tomato DC3000,Antibiotic Metabolism,,,,,
1,pst:PSPTO_1081,Streptomycin biosynthesis - Pseudomonas syringae pv. tomato DC3000,Antibiotic Metabolism,,,,,
1,pst:PSPTO_1104,Pentose phosphate pathway - Pseudomonas syringae pv. tomato DC3000,Carbohydrate Metabolism,,,,,
1,pst:PSPTO_1105,Terpenoid backbone biosynthesis - Pseudomonas syringae pv. tomato DC3000,Secondary Metabolism,,,,,
1,pst:PSPTO_1108,Porphyrin and chlorophyll metabolism - Pseudomonas syringae pv. tomato DC3000,Xenobiotic Metabolism,,,,,
1,pst:PSPTO_1112,D-Glutamine and D-glutamate metabolism - Pseudomonas syringae pv. tomato DC3000,Amino Acid Metabolism,,,,,
1,pst:PSPTO_1128,Porphyrin and chlorophyll metabolism - Pseudomonas syringae pv. tomato DC3000,Xenobiotic Metabolism,,,,,
1,pst:PSPTO_1131,Purine metabolism - Pseudomonas syringae pv. tomato DC3000,Nucleotide Metabolism,,,,,
1,pst:PSPTO_1136,Citrate cycle (TCA cycle) - Pseudomonas syringae pv. tomato DC3000,TCA,,,,,
1,pst:PSPTO_1153,Pyrimidine metabolism - Pseudomonas syringae pv. tomato DC3000,Nucleotide Metabolism,,,,,
1,pst:PSPTO_1156,Pyrimidine metabolism - Pseudomonas syringae pv. tomato DC3000,Nucleotide Metabolism,,,,,
1,pst:PSPTO_1169,Pyruvate metabolism - Pseudomonas syringae pv. tomato DC3000,Carbohydrate Metabolism,,,,,
1,pst:PSPTO_1172,Glutathione metabolism - Pseudomonas syringae pv. tomato DC3000,Amino Acid Metabolism,,,,,
1,pst:PSPTO_1178,Pentose phosphate pathway - Pseudomonas syringae pv. tomato DC3000,Carbohydrate Metabolism,,,,,
1,pst:PSPTO_1182,Folate biosynthesis - Pseudomonas syringae pv. tomato DC3000,Cofactor Metabolism,,,,,
1,pst:PSPTO_1183,Folate biosynthesis - Pseudomonas syringae pv. tomato DC3000,Cofactor Metabolism,,,,,
1,pst:PSPTO_1196,Amino sugar and nucleotide sugar metabolism - Pseudomonas syringae pv. tomato DC3000,Carbohydrate Metabolism,,,,,
1,pst:PSPTO_1215,Pyruvate metabolism - Pseudomonas syringae pv. tomato DC3000,Carbohydrate Metabolism,,,,,
1,pst:PSPTO_1232,Fructose and mannose metabolism - Pseudomonas syringae pv. tomato DC3000,Carbohydrate Metabolism,,,,,
1,pst:PSPTO_1243,Fructose and mannose metabolism - Pseudomonas syringae pv. tomato DC3000,Carbohydrate Metabolism,,,,,
1,pst:PSPTO_1271,Glutathione metabolism - Pseudomonas syringae pv. tomato DC3000,Amino Acid Metabolism,,,,,
1,pst:PSPTO_1275,"Glycine, serine and threonine metabolism - Pseudomonas syringae pv. tomato DC3000",Amino Acid Metabolism,,,,,
1,pst:PSPTO_1276,"Glycine, serine and threonine metabolism - Pseudomonas syringae pv. tomato DC3000",Amino Acid Metabolism,,,,,
1,pst:PSPTO_1277,"Glycine, serine and threonine metabolism - Pseudomonas syringae pv. tomato DC3000",Amino Acid Metabolism,,,,,
1,pst:PSPTO_1287,Glycolysis / Gluconeogenesis - Pseudomonas syringae pv. tomato DC3000,Glycolysis,,,,,
1,pst:PSPTO_1288,Pentose phosphate pathway - Pseudomonas syringae pv. tomato DC3000,Carbohydrate Metabolism,,,,,
1,pst:PSPTO_1289,Glycolysis / Gluconeogenesis - Pseudomonas syringae pv. tomato DC3000,Glycolysis,,,,,
1,pst:PSPTO_1292,ABC transporters - Pseudomonas syringae pv. tomato DC3000,Transport,,,,,
1,pst:PSPTO_1293,ABC transporters - Pseudomonas syringae pv. tomato DC3000,Transport,,,,,
1,pst:PSPTO_1294,ABC transporters - Pseudomonas syringae pv. tomato DC3000,Transport,,,,,
1,pst:PSPTO_1295,ABC transporters - Pseudomonas syringae pv. tomato DC3000,Transport,,,,,
1,pst:PSPTO_1300,Pentose phosphate pathway - Pseudomonas syringae pv. tomato DC3000,Carbohydrate Metabolism,,,,,
1,pst:PSPTO_1301,Pentose phosphate pathway - Pseudomonas syringae pv. tomato DC3000,Carbohydrate Metabolism,,,,,
1,pst:PSPTO_1302,Pentose phosphate pathway - Pseudomonas syringae pv. tomato DC3000,Carbohydrate Metabolism,,,,,
1,pst:PSPTO_1329,Porphyrin and chlorophyll metabolism - Pseudomonas syringae pv. tomato DC3000,Xenobiotic Metabolism,,,,,
1,pst:PSPTO_1332,"Valine, leucine and isoleucine degradation - Pseudomonas syringae pv. tomato DC3000",Amino Acid Metabolism,,,,,
1,pst:PSPTO_1335,"Phenylalanine, tyrosine and tryptophan biosynthesis - Pseudomonas syringae pv. tomato DC3000",Amino Acid Metabolism,,,,,
1,pst:PSPTO_1340,Nitrogen metabolism - Pseudomonas syringae pv. tomato DC3000,Nitrogen Metabolism,,,,,
1,pst:PSPTO_1345,Pentose phosphate pathway - Pseudomonas syringae pv. tomato DC3000,Carbohydrate Metabolism,,,,,
1,pst:PSPTO_1356,Atrazine degradation - Pseudomonas syringae pv. tomato DC3000,Xenobiotic Metabolism,,,,,
1,pst:PSPTO_1419,Inositol phosphate metabolism - Pseudomonas syringae pv. tomato DC3000,Carbohydrate Metabolism,,,,,
1,pst:PSPTO_1421,Cysteine and methionine metabolism - Pseudomonas syringae pv. tomato DC3000,Amino Acid Metabolism,,,,,
1,pst:PSPTO_1423,Thiamine metabolism - Pseudomonas syringae pv. tomato DC3000,Cofactor Metabolism,,,,,
1,pst:PSPTO_1430,Pyrimidine metabolism - Pseudomonas syringae pv. tomato DC3000,Nucleotide Metabolism,,,,,
1,pst:PSPTO_1434,Terpenoid backbone biosynthesis - Pseudomonas syringae pv. tomato DC3000,Secondary Metabolism,,,,,
1,pst:PSPTO_1435,Aminoacyl-tRNA biosynthesis - Pseudomonas syringae pv. tomato DC3000,Protein Biosynthesis,,,,,
1,pst:PSPTO_1441,"Alanine, aspartate and glutamate metabolism - Pseudomonas syringae pv. tomato DC3000",Amino Acid Metabolism,,,,,
1,pst:PSPTO_1449,Purine metabolism - Pseudomonas syringae pv. tomato DC3000,Nucleotide Metabolism,,,,,
1,pst:PSPTO_1450,Purine metabolism - Pseudomonas syringae pv. tomato DC3000,Nucleotide Metabolism,,,,,
1,pst:PSPTO_1459,Purine metabolism - Pseudomonas syringae pv. tomato DC3000,Nucleotide Metabolism,,,,,
1,pst:PSPTO_1468,Purine metabolism - Pseudomonas syringae pv. tomato DC3000,Nucleotide Metabolism,,,,,
1,pst:PSPTO_1480,Lysine biosynthesis - Pseudomonas syringae pv. tomato DC3000,Amino Acid Metabolism,,,,,
1,pst:PSPTO_1481,"Glycine, serine and threonine metabolism - Pseudomonas syringae pv. tomato DC3000",Amino Acid Metabolism,,,,,
1,pst:PSPTO_1508,Pyruvate metabolism - Pseudomonas syringae pv. tomato DC3000,Carbohydrate Metabolism,,,,,
1,pst:PSPTO_1509,Purine metabolism - Pseudomonas syringae pv. tomato DC3000,Nucleotide Metabolism,,,,,
1,pst:PSPTO_1520,Glycerophospholipid metabolism - Pseudomonas syringae pv. tomato DC3000,Lipid Metabolism,,,,,
1,pst:PSPTO_1523,Lysine biosynthesis - Pseudomonas syringae pv. tomato DC3000,Amino Acid Metabolism,,,,,
1,pst:PSPTO_1528,Lysine biosynthesis - Pseudomonas syringae pv. tomato DC3000,Amino Acid Metabolism,,,,,
1,pst:PSPTO_1536,Pyrimidine metabolism - Pseudomonas syringae pv. tomato DC3000,Nucleotide Metabolism,,,,,
1,pst:PSPTO_1538,Terpenoid backbone biosynthesis - Pseudomonas syringae pv. tomato DC3000,Secondary Metabolism,,,,,
1,pst:PSPTO_1539,Glycerophospholipid metabolism - Pseudomonas syringae pv. tomato DC3000,Lipid Metabolism,,,,,
1,pst:PSPTO_1540,Terpenoid backbone biosynthesis - Pseudomonas syringae pv. tomato DC3000,Secondary Metabolism,,,,,
1,pst:PSPTO_1544,Lipopolysaccharide biosynthesis - Pseudomonas syringae pv. tomato DC3000,Virulence,,,,,
1,pst:PSPTO_1546,Lipopolysaccharide biosynthesis - Pseudomonas syringae pv. tomato DC3000,Virulence,,,,,
1,pst:PSPTO_1547,Lipopolysaccharide biosynthesis - Pseudomonas syringae pv. tomato DC3000,Virulence,,,,,
1,pst:PSPTO_1550,Pyruvate metabolism - Pseudomonas syringae pv. tomato DC3000,Carbohydrate Metabolism,,,,,
1,pst:PSPTO_1552,Pyrimidine metabolism - Pseudomonas syringae pv. tomato DC3000,Nucleotide Metabolism,,,,,
1,pst:PSPTO_1553,Lipopolysaccharide biosynthesis - Pseudomonas syringae pv. tomato DC3000,Virulence,,,,,
1,pst:PSPTO_1554,Glycolysis / Gluconeogenesis - Pseudomonas syringae pv. tomato DC3000,Glycolysis,,,,,
1,pst:PSPTO_1556,Terpenoid backbone biosynthesis - Pseudomonas syringae pv. tomato DC3000,Secondary Metabolism,,,,,
1,pst:PSPTO_1558,Glycolysis / Gluconeogenesis - Pseudomonas syringae pv. tomato DC3000,Glycolysis,,,,,
1,pst:PSPTO_1559,Methane metabolism - Pseudomonas syringae pv. tomato DC3000,Carbon Metabolism,,,,,
1,pst:PSPTO_1560,Terpenoid backbone biosynthesis - Pseudomonas syringae pv. tomato DC3000,Secondary Metabolism,,,,,
1,pst:PSPTO_1562,Pyrimidine metabolism - Pseudomonas syringae pv. tomato DC3000,Nucleotide Metabolism,,,,,
1,pst:PSPTO_1602,Arginine and proline metabolism - Pseudomonas syringae pv. tomato DC3000,Amino Acid Metabolism,,,,,
1,pst:PSPTO_1633,"Alanine, aspartate and glutamate metabolism - Pseudomonas syringae pv. tomato DC3000",Amino Acid Metabolism,,,,,
1,pst:PSPTO_1661,Pyrimidine metabolism - Pseudomonas syringae pv. tomato DC3000,Nucleotide Metabolism,,,,,
1,pst:PSPTO_1669,Pyruvate metabolism - Pseudomonas syringae pv. tomato DC3000,Carbohydrate Metabolism,,,,,
1,pst:PSPTO_1670,Pentose phosphate pathway - Pseudomonas syringae pv. tomato DC3000,Carbohydrate Metabolism,,,,,
1,pst:PSPTO_1671,Purine metabolism - Pseudomonas syringae pv. tomato DC3000,Nucleotide Metabolism,,,,,
1,pst:PSPTO_1675,Biosynthesis of siderophore group nonribosomal peptides - Pseudomonas syringae pv. tomato DC3000,Iron Metabolism,,,,,
1,pst:PSPTO_1682,Two-component system - Pseudomonas syringae pv. tomato DC3000,Regulation,,,,,
1,pst:PSPTO_1694,Purine metabolism - Pseudomonas syringae pv. tomato DC3000,Nucleotide Metabolism,,,,,
1,pst:PSPTO_1695,Pyrimidine metabolism - Pseudomonas syringae pv. tomato DC3000,Nucleotide Metabolism,,,,,
1,pst:PSPTO_1699,Purine metabolism - Pseudomonas syringae pv. tomato DC3000,Nucleotide Metabolism,,,,,
1,pst:PSPTO_1700,Purine metabolism - Pseudomonas syringae pv. tomato DC3000,Nucleotide Metabolism,,,,,
1,pst:PSPTO_1708,Porphyrin and chlorophyll metabolism - Pseudomonas syringae pv. tomato DC3000,Xenobiotic Metabolism,,,,,
1,pst:PSPTO_1711,Porphyrin and chlorophyll metabolism - Pseudomonas syringae pv. tomato DC3000,Xenobiotic Metabolism,,,,,
1,pst:PSPTO_1712,Porphyrin and chlorophyll metabolism - Pseudomonas syringae pv. tomato DC3000,Xenobiotic Metabolism,,,,,
1,pst:PSPTO_1713,Porphyrin and chlorophyll metabolism - Pseudomonas syringae pv. tomato DC3000,Xenobiotic Metabolism,,,,,
1,pst:PSPTO_1714,Porphyrin and chlorophyll metabolism - Pseudomonas syringae pv. tomato DC3000,Xenobiotic Metabolism,,,,,
1,pst:PSPTO_1715,Porphyrin and chlorophyll metabolism - Pseudomonas syringae pv. tomato DC3000,Xenobiotic Metabolism,,,,,
1,pst:PSPTO_1716,Porphyrin and chlorophyll metabolism - Pseudomonas syringae pv. tomato DC3000,Xenobiotic Metabolism,,,,,
1,pst:PSPTO_1717,Porphyrin and chlorophyll metabolism - Pseudomonas syringae pv. tomato DC3000,Xenobiotic Metabolism,,,,,
1,pst:PSPTO_1719,Glutathione metabolism - Pseudomonas syringae pv. tomato DC3000,Amino Acid Metabolism,,,,,
1,pst:PSPTO_1731,Citrate cycle (TCA cycle) - Pseudomonas syringae pv. tomato DC3000,TCA,,,,,
1,pst:PSPTO_1742,Ubiquinone and other terpenoid-quinone biosynthesis - Pseudomonas syringae pv. tomato DC3000,Cofactor Metabolism,,,,,
1,pst:PSPTO_1746,Cysteine and methionine metabolism - Pseudomonas syringae pv. tomato DC3000,Amino Acid Metabolism,,,,,
1,pst:PSPTO_1748,"Phenylalanine, tyrosine and tryptophan biosynthesis - Pseudomonas syringae pv. tomato DC3000",Amino Acid Metabolism,,,,,
1,pst:PSPTO_1749,Pyrimidine metabolism - Pseudomonas syringae pv. tomato DC3000,Nucleotide Metabolism,,,,,
1,pst:PSPTO_1779,"Valine, leucine and isoleucine biosynthesis - Pseudomonas syringae pv. tomato DC3000",Amino Acid Metabolism,,,,,
1,pst:PSPTO_1781,Glutathione metabolism - Pseudomonas syringae pv. tomato DC3000,Amino Acid Metabolism,,,,,
1,pst:PSPTO_1795,Sulfur metabolism - Pseudomonas syringae pv. tomato DC3000,Sulfur Metabolism,,,,,
1,pst:PSPTO_1821,Folate biosynthesis - Pseudomonas syringae pv. tomato DC3000,Cofactor Metabolism,,,,,
1,pst:PSPTO_1822,"Phenylalanine, tyrosine and tryptophan biosynthesis - Pseudomonas syringae pv. tomato DC3000",Amino Acid Metabolism,,,,,
1,pst:PSPTO_1825,Glycolysis / Gluconeogenesis - Pseudomonas syringae pv. tomato DC3000,Glycolysis,,,,,
1,pst:PSPTO_1832,Arginine and proline metabolism - Pseudomonas syringae pv. tomato DC3000,Amino Acid Metabolism,,,,,
1,pst:PSPTO_1833,Arginine and proline metabolism - Pseudomonas syringae pv. tomato DC3000,Amino Acid Metabolism,,,,,
1,pst:PSPTO_1834,Arginine and proline metabolism - Pseudomonas syringae pv. tomato DC3000,Amino Acid Metabolism,,,,,
1,pst:PSPTO_1835,Arginine and proline metabolism - Pseudomonas syringae pv. tomato DC3000,Amino Acid Metabolism,,,,,
1,pst:PSPTO_1836,Arginine and proline metabolism - Pseudomonas syringae pv. tomato DC3000,Amino Acid Metabolism,,,,,
1,pst:PSPTO_1838,Arginine and proline metabolism - Pseudomonas syringae pv. tomato DC3000,Amino Acid Metabolism,,,,,
1,pst:PSPTO_1843,Cysteine and methionine metabolism - Pseudomonas syringae pv. tomato DC3000,Amino Acid Metabolism,,,,,
1,pst:PSPTO_1880,"Valine, leucine and isoleucine degradation - Pseudomonas syringae pv. tomato DC3000",Amino Acid Metabolism,,,,,
1,pst:PSPTO_1881,Glycolysis / Gluconeogenesis - Pseudomonas syringae pv. tomato DC3000,Glycolysis,,,,,
1,pst:PSPTO_1886,"Glycine, serine and threonine metabolism - Pseudomonas syringae pv. tomato DC3000",Amino Acid Metabolism,,,,,
1,pst:PSPTO_1891,Arginine and proline metabolism - Pseudomonas syringae pv. tomato DC3000,Amino Acid Metabolism,,,,,
1,pst:PSPTO_1891,"Valine, leucine and isoleucine degradation - Pseudomonas syringae pv. tomato DC3000",Amino Acid Metabolism,,,,,
1,pst:PSPTO_1907,Benzoate degradation - Pseudomonas syringae pv. tomato DC3000,Xenobiotic Metabolism,,,,,
1,pst:PSPTO_1916,Fatty acid metabolism - Pseudomonas syringae pv. tomato DC3000,Fatty Acid Metabolism,,,,,
1,pst:PSPTO_1930,Nitrogen metabolism - Pseudomonas syringae pv. tomato DC3000,Nitrogen Metabolism,,,,,
1,pst:PSPTO_1990,Purine metabolism - Pseudomonas syringae pv. tomato DC3000,Nucleotide Metabolism,,,,,
1,pst:PSPTO_1993,Porphyrin and chlorophyll metabolism - Pseudomonas syringae pv. tomato DC3000,Xenobiotic Metabolism,,,,,
1,pst:PSPTO_2016,Citrate cycle (TCA cycle) - Pseudomonas syringae pv. tomato DC3000,TCA,,,,,
1,pst:PSPTO_2019,Vitamin B6 metabolism - Pseudomonas syringae pv. tomato DC3000,Cofactor Metabolism,,,,,
1,pst:PSPTO_2022,Pyrimidine metabolism - Pseudomonas syringae pv. tomato DC3000,Nucleotide Metabolism,,,,,
1,pst:PSPTO_2028,Pyrimidine metabolism - Pseudomonas syringae pv. tomato DC3000,Nucleotide Metabolism,,,,,
1,pst:PSPTO_2032,Glutathione metabolism - Pseudomonas syringae pv. tomato DC3000,Amino Acid Metabolism,,,,,
1,pst:PSPTO_2035,Folate biosynthesis - Pseudomonas syringae pv. tomato DC3000,Cofactor Metabolism,,,,,
1,pst:PSPTO_2043,"Phenylalanine, tyrosine and tryptophan biosynthesis - Pseudomonas syringae pv. tomato DC3000",Amino Acid Metabolism,,,,,
1,pst:PSPTO_2046,Cysteine and methionine metabolism - Pseudomonas syringae pv. tomato DC3000,Amino Acid Metabolism,,,,,
1,pst:PSPTO_2047,Cysteine and methionine metabolism - Pseudomonas syringae pv. tomato DC3000,Amino Acid Metabolism,,,,,
1,pst:PSPTO_2055,Arginine and proline metabolism - Pseudomonas syringae pv. tomato DC3000,Amino Acid Metabolism,,,,,
1,pst:PSPTO_2065,"Valine, leucine and isoleucine degradation - Pseudomonas syringae pv. tomato DC3000",Amino Acid Metabolism,,,,,
1,pst:PSPTO_2102,Glycolysis / Gluconeogenesis - Pseudomonas syringae pv. tomato DC3000,Glycolysis,,,,,
1,pst:PSPTO_2106,Nicotinate and nicotinamide metabolism - Pseudomonas syringae pv. tomato DC3000,Cofactor Metabolism,,,,,
1,pst:PSPTO_2107,Glycerophospholipid metabolism - Pseudomonas syringae pv. tomato DC3000,Lipid Metabolism,,,,,
1,pst:PSPTO_2136,"Glycine, serine and threonine metabolism - Pseudomonas syringae pv. tomato DC3000",Amino Acid Metabolism,,,,,
1,pst:PSPTO_2139,ABC transporters - Pseudomonas syringae pv. tomato DC3000,Transport,,,,,
1,pst:PSPTO_2140,ABC transporters - Pseudomonas syringae pv. tomato DC3000,Transport,,,,,
1,pst:PSPTO_2141,ABC transporters - Pseudomonas syringae pv. tomato DC3000,Transport,,,,,
1,pst:PSPTO_2163,Cysteine and methionine metabolism - Pseudomonas syringae pv. tomato DC3000,Amino Acid Metabolism,,,,,
1,pst:PSPTO_2166,Porphyrin and chlorophyll metabolism - Pseudomonas syringae pv. tomato DC3000,Xenobiotic Metabolism,,,,,
1,pst:PSPTO_2173,"Valine, leucine and isoleucine biosynthesis - Pseudomonas syringae pv. tomato DC3000",Amino Acid Metabolism,,,,,
1,pst:PSPTO_2174,"Valine, leucine and isoleucine biosynthesis - Pseudomonas syringae pv. tomato DC3000",Amino Acid Metabolism,,,,,
1,pst:PSPTO_2175,"Valine, leucine and isoleucine biosynthesis - Pseudomonas syringae pv. tomato DC3000",Amino Acid Metabolism,,,,,
1,pst:PSPTO_2176,Lysine biosynthesis - Pseudomonas syringae pv. tomato DC3000,Amino Acid Metabolism,,,,,
1,pst:PSPTO_2177,Galactose metabolism - Pseudomonas syringae pv. tomato DC3000,Carbohydrate Metabolism,,,,,
1,pst:PSPTO_2178,Galactose metabolism - Pseudomonas syringae pv. tomato DC3000,Carbohydrate Metabolism,,,,,
1,pst:PSPTO_2179,Galactose metabolism - Pseudomonas syringae pv. tomato DC3000,Carbohydrate Metabolism,,,,,
1,pst:PSPTO_2194,Citrate cycle (TCA cycle) - Pseudomonas syringae pv. tomato DC3000,TCA,,,,,
1,pst:PSPTO_2195,Citrate cycle (TCA cycle) - Pseudomonas syringae pv. tomato DC3000,TCA,,,,,
1,pst:PSPTO_2196,Citrate cycle (TCA cycle) - Pseudomonas syringae pv. tomato DC3000,TCA,,,,,
1,pst:PSPTO_2197,Citrate cycle (TCA cycle) - Pseudomonas syringae pv. tomato DC3000,TCA,,,,,
1,pst:PSPTO_2198,Citrate cycle (TCA cycle) - Pseudomonas syringae pv. tomato DC3000,TCA,,,,,
1,pst:PSPTO_2199,Citrate cycle (TCA cycle) - Pseudomonas syringae pv. tomato DC3000,TCA,,,,,
1,pst:PSPTO_2200,Citrate cycle (TCA cycle) - Pseudomonas syringae pv. tomato DC3000,TCA,,,,,
1,pst:PSPTO_2201,Citrate cycle (TCA cycle) - Pseudomonas syringae pv. tomato DC3000,TCA,,,,,
1,pst:PSPTO_2202,Citrate cycle (TCA cycle) - Pseudomonas syringae pv. tomato DC3000,TCA,,,,,
1,pst:PSPTO_2203,Citrate cycle (TCA cycle) - Pseudomonas syringae pv. tomato DC3000,TCA,,,,,
1,pst:PSPTO_2210,Fatty acid metabolism - Pseudomonas syringae pv. tomato DC3000,Fatty Acid Metabolism,,,,,
1,pst:PSPTO_2211,Fatty acid biosynthesis - Pseudomonas syringae pv. tomato DC3000,Fatty Acid Metabolism,,,,,
1,pst:PSPTO_2213,Glycerophospholipid metabolism - Pseudomonas syringae pv. tomato DC3000,Lipid Metabolism,,,,,
1,pst:PSPTO_2242,Two-component system - Pseudomonas syringae pv. tomato DC3000,Regulation,,,,,
1,pst:PSPTO_2244,Two-component system - Pseudomonas syringae pv. tomato DC3000,Regulation,,,,,
1,pst:PSPTO_2275,"Phenylalanine, tyrosine and tryptophan biosynthesis - Pseudomonas syringae pv. tomato DC3000",Amino Acid Metabolism,,,,,
1,pst:PSPTO_2277,Pyrimidine metabolism - Pseudomonas syringae pv. tomato DC3000,Nucleotide Metabolism,,,,,
1,pst:PSPTO_2280,Sulfur metabolism - Pseudomonas syringae pv. tomato DC3000,Sulfur Metabolism,,,,,
1,pst:PSPTO_2281,"Glycine, serine and threonine metabolism - Pseudomonas syringae pv. tomato DC3000",Amino Acid Metabolism,,,,,
1,pst:PSPTO_2282,Folate biosynthesis - Pseudomonas syringae pv. tomato DC3000,Cofactor Metabolism,,,,,
1,pst:PSPTO_2287,Propanoate metabolism - Pseudomonas syringae pv. tomato DC3000,Carbohydrate Metabolism,,,,,
1,pst:PSPTO_2288,Propanoate metabolism - Pseudomonas syringae pv. tomato DC3000,Carbohydrate Metabolism,,,,,
1,pst:PSPTO_2292,Pyruvate metabolism - Pseudomonas syringae pv. tomato DC3000,Carbohydrate Metabolism,,,,,
1,pst:PSPTO_2300,Porphyrin and chlorophyll metabolism - Pseudomonas syringae pv. tomato DC3000,Xenobiotic Metabolism,,,,,
1,pst:PSPTO_2301,Nitrogen metabolism - Pseudomonas syringae pv. tomato DC3000,Nitrogen Metabolism,,,,,
1,pst:PSPTO_2302,Nitrogen metabolism - Pseudomonas syringae pv. tomato DC3000,Nitrogen Metabolism,,,,,
1,pst:PSPTO_2304,Nitrogen metabolism - Pseudomonas syringae pv. tomato DC3000,Nitrogen Metabolism,,,,,
1,pst:PSPTO_2309,Pyrimidine metabolism - Pseudomonas syringae pv. tomato DC3000,Nucleotide Metabolism,,,,,
1,pst:PSPTO_2331,Purine metabolism - Pseudomonas syringae pv. tomato DC3000,Nucleotide Metabolism,,,,,
1,pst:PSPTO_2338,Benzoate degradation - Pseudomonas syringae pv. tomato DC3000,Xenobiotic Metabolism,,,,,
1,pst:PSPTO_2339,Benzoate degradation - Pseudomonas syringae pv. tomato DC3000,Xenobiotic Metabolism,,,,,
1,pst:PSPTO_2341,Benzoate degradation - Pseudomonas syringae pv. tomato DC3000,Xenobiotic Metabolism,,,,,
1,pst:PSPTO_2346,Phenylalanine metabolism - Pseudomonas syringae pv. tomato DC3000,Amino Acid Metabolism,,,,,
1,pst:PSPTO_2348,"Phenylalanine, tyrosine and tryptophan biosynthesis - Pseudomonas syringae pv. tomato DC3000",Amino Acid Metabolism,,,,,
1,pst:PSPTO_2359,Lysine degradation - Pseudomonas syringae pv. tomato DC3000,Amino Acid Metabolism,,,,,
1,pst:PSPTO_2367,ABC transporters - Pseudomonas syringae pv. tomato DC3000,Transport,,,,,
1,pst:PSPTO_2368,ABC transporters - Pseudomonas syringae pv. tomato DC3000,Transport,,,,,
1,pst:PSPTO_2369,ABC transporters - Pseudomonas syringae pv. tomato DC3000,Transport,,,,,
1,pst:PSPTO_2371,Pentose phosphate pathway - Pseudomonas syringae pv. tomato DC3000,Carbohydrate Metabolism,,,,,
1,pst:PSPTO_2373,Purine metabolism - Pseudomonas syringae pv. tomato DC3000,Nucleotide Metabolism,,,,,
1,pst:PSPTO_2398,ABC transporters - Pseudomonas syringae pv. tomato DC3000,Transport,,,,,
1,pst:PSPTO_2400,ABC transporters - Pseudomonas syringae pv. tomato DC3000,Transport,,,,,
1,pst:PSPTO_2401,Pentose phosphate pathway - Pseudomonas syringae pv. tomato DC3000,Carbohydrate Metabolism,,,,,
1,pst:PSPTO_2402,Pentose phosphate pathway - Pseudomonas syringae pv. tomato DC3000,Carbohydrate Metabolism,,,,,
1,pst:PSPTO_2421,Tryptophan metabolism - Pseudomonas syringae pv. tomato DC3000,Amino Acid Metabolism,,,,,
1,pst:PSPTO_2450,"Glycine, serine and threonine metabolism - Pseudomonas syringae pv. tomato DC3000",Amino Acid Metabolism,,,,,
1,pst:PSPTO_2452,"Glycine, serine and threonine metabolism - Pseudomonas syringae pv. tomato DC3000",Amino Acid Metabolism,,,,,
1,pst:PSPTO_2453,One carbon pool by folate - Pseudomonas syringae pv. tomato DC3000,Cofactor Metabolism,,,,,
1,pst:PSPTO_2470,Pentose phosphate pathway - Pseudomonas syringae pv. tomato DC3000,Carbohydrate Metabolism,,,,,
1,pst:PSPTO_2488,"Alanine, aspartate and glutamate metabolism - Pseudomonas syringae pv. tomato DC3000",Amino Acid Metabolism,,,,,
1,pst:PSPTO_2492,Pentose phosphate pathway - Pseudomonas syringae pv. tomato DC3000,Carbohydrate Metabolism,,,,,
1,pst:PSPTO_2510,Pyruvate metabolism - Pseudomonas syringae pv. tomato DC3000,Carbohydrate Metabolism,,,,,
1,pst:PSPTO_2564,Phosphonate and phosphinate metabolism - Pseudomonas syringae pv. tomato DC3000,Transport,,,,,
1,pst:PSPTO_2566,Pentose phosphate pathway - Pseudomonas syringae pv. tomato DC3000,Carbohydrate Metabolism,,,,,
1,pst:PSPTO_2578,Folate biosynthesis - Pseudomonas syringae pv. tomato DC3000,Cofactor Metabolism,,,,,
1,pst:PSPTO_2595,Ubiquinone and other terpenoid-quinone biosynthesis - Pseudomonas syringae pv. tomato DC3000,Cofactor Metabolism,,,,,
1,pst:PSPTO_2618,Lysine biosynthesis - Pseudomonas syringae pv. tomato DC3000,Amino Acid Metabolism,,,,,
1,pst:PSPTO_2632,Cysteine and methionine metabolism - Pseudomonas syringae pv. tomato DC3000,Amino Acid Metabolism,,,,,
1,pst:PSPTO_2636,Glycolysis / Gluconeogenesis - Pseudomonas syringae pv. tomato DC3000,Glycolysis,,,,,
1,pst:PSPTO_2637,Pentose and glucuronate interconversions - Pseudomonas syringae pv. tomato DC3000,Carbohydrate Metabolism,,,,,
1,pst:PSPTO_2638,ABC transporters - Pseudomonas syringae pv. tomato DC3000,Transport,,,,,
1,pst:PSPTO_2639,ABC transporters - Pseudomonas syringae pv. tomato DC3000,Transport,,,,,
1,pst:PSPTO_2640,ABC transporters - Pseudomonas syringae pv. tomato DC3000,Transport,,,,,
1,pst:PSPTO_2660,Butanoate metabolism - Pseudomonas syringae pv. tomato DC3000,Carbohydrate Metabolism,,,,,
1,pst:PSPTO_2662,Glyoxylate and dicarboxylate metabolism - Pseudomonas syringae pv. tomato DC3000,Carbohydrate Metabolism,,,,,
1,pst:PSPTO_2668,Riboflavin metabolism - Pseudomonas syringae pv. tomato DC3000,Cofactor Metabolism,,,,,
1,pst:PSPTO_2680,Butanoate metabolism - Pseudomonas syringae pv. tomato DC3000,Carbohydrate Metabolism,,,,,
1,pst:PSPTO_2685,"Phenylalanine, tyrosine and tryptophan biosynthesis - Pseudomonas syringae pv. tomato DC3000",Amino Acid Metabolism,,,,,
1,pst:PSPTO_2701,Starch and sucrose metabolism - Pseudomonas syringae pv. tomato DC3000,Carbohydrate Metabolism,,,,,
1,pst:PSPTO_2702,Pentose and glucuronate interconversions - Pseudomonas syringae pv. tomato DC3000,Carbohydrate Metabolism,,,,,
1,pst:PSPTO_2703,Fructose and mannose metabolism - Pseudomonas syringae pv. tomato DC3000,Carbohydrate Metabolism,,,,,
1,pst:PSPTO_2705,ABC transporters - Pseudomonas syringae pv. tomato DC3000,Transport,,,,,
1,pst:PSPTO_2706,ABC transporters - Pseudomonas syringae pv. tomato DC3000,Transport,,,,,
1,pst:PSPTO_2707,ABC transporters - Pseudomonas syringae pv. tomato DC3000,Transport,,,,,
1,pst:PSPTO_2709,Porphyrin and chlorophyll metabolism - Pseudomonas syringae pv. tomato DC3000,Xenobiotic Metabolism,,,,,
1,pst:PSPTO_2719,Propanoate metabolism - Pseudomonas syringae pv. tomato DC3000,Carbohydrate Metabolism,,,,,
1,pst:PSPTO_2730,Sulfur metabolism - Pseudomonas syringae pv. tomato DC3000,Sulfur Metabolism,,,,,
1,pst:PSPTO_2732,Cysteine and methionine metabolism - Pseudomonas syringae pv. tomato DC3000,Amino Acid Metabolism,,,,,
1,pst:PSPTO_2736,"Valine, leucine and isoleucine degradation - Pseudomonas syringae pv. tomato DC3000",Amino Acid Metabolism,,,,,
1,pst:PSPTO_2738,"Valine, leucine and isoleucine degradation - Pseudomonas syringae pv. tomato DC3000",Amino Acid Metabolism,,,,,
1,pst:PSPTO_2739,"Valine, leucine and isoleucine degradation - Pseudomonas syringae pv. tomato DC3000",Amino Acid Metabolism,,,,,
1,pst:PSPTO_2742,"Valine, leucine and isoleucine degradation - Pseudomonas syringae pv. tomato DC3000",Amino Acid Metabolism,,,,,
1,pst:PSPTO_2760,Starch and sucrose metabolism - Pseudomonas syringae pv. tomato DC3000,Carbohydrate Metabolism,,,,,
1,pst:PSPTO_2761,Starch and sucrose metabolism - Pseudomonas syringae pv. tomato DC3000,Carbohydrate Metabolism,,,,,
1,pst:PSPTO_2762,Starch and sucrose metabolism - Pseudomonas syringae pv. tomato DC3000,Carbohydrate Metabolism,,,,,
1,pst:PSPTO_2782,Pentose phosphate pathway - Pseudomonas syringae pv. tomato DC3000,Carbohydrate Metabolism,,,,,
1,pst:PSPTO_2809,Purine metabolism - Pseudomonas syringae pv. tomato DC3000,Nucleotide Metabolism,,,,,
1,pst:PSPTO_2891,Pentose and glucuronate interconversions - Pseudomonas syringae pv. tomato DC3000,Carbohydrate Metabolism,,,,,
1,pst:PSPTO_2898,Galactose metabolism - Pseudomonas syringae pv. tomato DC3000,Carbohydrate Metabolism,,,,,
1,pst:PSPTO_2900,Galactose metabolism - Pseudomonas syringae pv. tomato DC3000,Carbohydrate Metabolism,,,,,
1,pst:PSPTO_2911,Ascorbate and aldarate metabolism - Pseudomonas syringae pv. tomato DC3000,Carbohydrate Metabolism,,,,,
1,pst:PSPTO_2917,Glutathione metabolism - Pseudomonas syringae pv. tomato DC3000,Amino Acid Metabolism,,,,,
1,pst:PSPTO_2921,Pyruvate metabolism - Pseudomonas syringae pv. tomato DC3000,Carbohydrate Metabolism,,,,,
1,pst:PSPTO_2922,Pyruvate metabolism - Pseudomonas syringae pv. tomato DC3000,Carbohydrate Metabolism,,,,,
1,pst:PSPTO_2925,Tyrosine metabolism - Pseudomonas syringae pv. tomato DC3000,Amino Acid Metabolism,,,,,
1,pst:PSPTO_2936,Glutathione metabolism - Pseudomonas syringae pv. tomato DC3000,Amino Acid Metabolism,,,,,
1,pst:PSPTO_2943,Aminobenzoate degradation - Pseudomonas syringae pv. tomato DC3000,Amino Acid Metabolism,,,,,
1,pst:PSPTO_2944,Biosynthesis of secondary metabolites - Pseudomonas syringae pv. tomato DC3000,Secondary Metabolism,,,,,
1,pst:PSPTO_2950,Xylene degradation - Pseudomonas syringae pv. tomato DC3000,Xenobiotic Metabolism,,,,,
1,pst:PSPTO_3002,Fructose and mannose metabolism - Pseudomonas syringae pv. tomato DC3000,Carbohydrate Metabolism,,,,,
1,pst:PSPTO_3007,Tyrosine metabolism - Pseudomonas syringae pv. tomato DC3000,Amino Acid Metabolism,,,,,
1,pst:PSPTO_3018,Inositol phosphate metabolism - Pseudomonas syringae pv. tomato DC3000,Carbohydrate Metabolism,,,,,
1,pst:PSPTO_3022,Glycerophospholipid metabolism - Pseudomonas syringae pv. tomato DC3000,Lipid Metabolism,,,,,
1,pst:PSPTO_3035,Starch and sucrose metabolism - Pseudomonas syringae pv. tomato DC3000,Carbohydrate Metabolism,,,,,
1,pst:PSPTO_3043,Pyrimidine metabolism - Pseudomonas syringae pv. tomato DC3000,Nucleotide Metabolism,,,,,
1,pst:PSPTO_3047,Inositol phosphate metabolism - Pseudomonas syringae pv. tomato DC3000,Carbohydrate Metabolism,,,,,
1,pst:PSPTO_3048,Glyoxylate and dicarboxylate metabolism - Pseudomonas syringae pv. tomato DC3000,Carbohydrate Metabolism,,,,,
1,pst:PSPTO_3063,Lysine biosynthesis - Pseudomonas syringae pv. tomato DC3000,Amino Acid Metabolism,,,,,
1,pst:PSPTO_3064,Arginine and proline metabolism - Pseudomonas syringae pv. tomato DC3000,Amino Acid Metabolism,,,,,
1,pst:PSPTO_3075,Fructose and mannose metabolism - Pseudomonas syringae pv. tomato DC3000,Carbohydrate Metabolism,,,,,
1,pst:PSPTO_3106,Pyruvate metabolism - Pseudomonas syringae pv. tomato DC3000,Carbohydrate Metabolism,,,,,
1,pst:PSPTO_3113,Galactose metabolism - Pseudomonas syringae pv. tomato DC3000,Carbohydrate Metabolism,,,,,
1,pst:PSPTO_3121,Pentose phosphate pathway - Pseudomonas syringae pv. tomato DC3000,Carbohydrate Metabolism,,,,,
1,pst:PSPTO_3122,Pentose phosphate pathway - Pseudomonas syringae pv. tomato DC3000,Carbohydrate Metabolism,,,,,
1,pst:PSPTO_3125,Starch and sucrose metabolism - Pseudomonas syringae pv. tomato DC3000,Carbohydrate Metabolism,,,,,
1,pst:PSPTO_3126,Starch and sucrose metabolism - Pseudomonas syringae pv. tomato DC3000,Carbohydrate Metabolism,,,,,
1,pst:PSPTO_3127,Starch and sucrose metabolism - Pseudomonas syringae pv. tomato DC3000,Carbohydrate Metabolism,,,,,
1,pst:PSPTO_3138,Benzoate degradation - Pseudomonas syringae pv. tomato DC3000,Xenobiotic Metabolism,,,,,
1,pst:PSPTO_3141,Peptidoglycan biosynthesis - Pseudomonas syringae pv. tomato DC3000,Virulence,,,,,
1,pst:PSPTO_3149,Porphyrin and chlorophyll metabolism - Pseudomonas syringae pv. tomato DC3000,Xenobiotic Metabolism,,,,,
1,pst:PSPTO_3154,Porphyrin and chlorophyll metabolism - Pseudomonas syringae pv. tomato DC3000,Xenobiotic Metabolism,,,,,
1,pst:PSPTO_3163,"Valine, leucine and isoleucine degradation - Pseudomonas syringae pv. tomato DC3000",Amino Acid Metabolism,,,,,
1,pst:PSPTO_3164,"Valine, leucine and isoleucine degradation - Pseudomonas syringae pv. tomato DC3000",Amino Acid Metabolism,,,,,
1,pst:PSPTO_3170,Starch and sucrose metabolism - Pseudomonas syringae pv. tomato DC3000,Carbohydrate Metabolism,,,,,
1,pst:PSPTO_3190,Pyrimidine metabolism - Pseudomonas syringae pv. tomato DC3000,Nucleotide Metabolism,,,,,
1,pst:PSPTO_3262,Nitrogen metabolism - Pseudomonas syringae pv. tomato DC3000,Nitrogen Metabolism,,,,,
1,pst:PSPTO_3263,Nitrogen metabolism - Pseudomonas syringae pv. tomato DC3000,Nitrogen Metabolism,,,,,
1,pst:PSPTO_3266,ABC transporters - Pseudomonas syringae pv. tomato DC3000,Transport,,,,,
1,pst:PSPTO_3267,ABC transporters - Pseudomonas syringae pv. tomato DC3000,Transport,,,,,
1,pst:PSPTO_3268,ABC transporters - Pseudomonas syringae pv. tomato DC3000,Transport,,,,,
1,pst:PSPTO_3269,ABC transporters - Pseudomonas syringae pv. tomato DC3000,Transport,,,,,
1,pst:PSPTO_3280,Glyoxylate and dicarboxylate metabolism - Pseudomonas syringae pv. tomato DC3000,Carbohydrate Metabolism,,,,,
1,pst:PSPTO_3285,Ascorbate and aldarate metabolism - Pseudomonas syringae pv. tomato DC3000,Carbohydrate Metabolism,,,,,
1,pst:PSPTO_3295,Nicotinate and nicotinamide metabolism - Pseudomonas syringae pv. tomato DC3000,Cofactor Metabolism,,,,,
1,pst:PSPTO_3318,Starch and sucrose metabolism - Pseudomonas syringae pv. tomato DC3000,Carbohydrate Metabolism,,,,,
1,pst:PSPTO_3323,Pentose and glucuronate interconversions - Pseudomonas syringae pv. tomato DC3000,Carbohydrate Metabolism,,,,,
1,pst:PSPTO_3344,Porphyrin and chlorophyll metabolism - Pseudomonas syringae pv. tomato DC3000,Xenobiotic Metabolism,,,,,
1,pst:PSPTO_3356,Citrate cycle (TCA cycle) - Pseudomonas syringae pv. tomato DC3000,TCA,,,,,
1,pst:PSPTO_3364,Glyoxylate and dicarboxylate metabolism - Pseudomonas syringae pv. tomato DC3000,Carbohydrate Metabolism,,,,,
1,pst:PSPTO_3430,Folate biosynthesis - Pseudomonas syringae pv. tomato DC3000,Cofactor Metabolism,,,,,
1,pst:PSPTO_3455,"Valine, leucine and isoleucine degradation - Pseudomonas syringae pv. tomato DC3000",Amino Acid Metabolism,,,,,
1,pst:PSPTO_3461,Glycerophospholipid metabolism - Pseudomonas syringae pv. tomato DC3000,Lipid Metabolism,,,,,
1,pst:PSPTO_3466,Sulfur metabolism - Pseudomonas syringae pv. tomato DC3000,Sulfur Metabolism,,,,,
1,pst:PSPTO_3488,ABC transporters - Pseudomonas syringae pv. tomato DC3000,Transport,,,,,
1,pst:PSPTO_3489,ABC transporters - Pseudomonas syringae pv. tomato DC3000,Transport,,,,,
1,pst:PSPTO_3490,ABC transporters - Pseudomonas syringae pv. tomato DC3000,Transport,,,,,
1,pst:PSPTO_3494,Inositol phosphate metabolism - Pseudomonas syringae pv. tomato DC3000,Carbohydrate Metabolism,,,,,
1,pst:PSPTO_3495,Inositol phosphate metabolism - Pseudomonas syringae pv. tomato DC3000,Carbohydrate Metabolism,,,,,
1,pst:PSPTO_3498,Inositol phosphate metabolism - Pseudomonas syringae pv. tomato DC3000,Carbohydrate Metabolism,,,,,
1,pst:PSPTO_3499,Inositol phosphate metabolism - Pseudomonas syringae pv. tomato DC3000,Carbohydrate Metabolism,,,,,
1,pst:PSPTO_3500,Inositol phosphate metabolism - Pseudomonas syringae pv. tomato DC3000,Carbohydrate Metabolism,,,,,
1,pst:PSPTO_3503,Glycerophospholipid metabolism - Pseudomonas syringae pv. tomato DC3000,Lipid Metabolism,,,,,
1,pst:PSPTO_3516,Fatty acid metabolism - Pseudomonas syringae pv. tomato DC3000,Fatty Acid Metabolism,,,,,
1,pst:PSPTO_3517,"Valine, leucine and isoleucine degradation - Pseudomonas syringae pv. tomato DC3000",Amino Acid Metabolism,,,,,
1,pst:PSPTO_3530,Fructose and mannose metabolism - Pseudomonas syringae pv. tomato DC3000,Carbohydrate Metabolism,,,,,
1,pst:PSPTO_3551,Tyrosine metabolism - Pseudomonas syringae pv. tomato DC3000,Amino Acid Metabolism,,,,,
1,pst:PSPTO_3555,Glyoxylate and dicarboxylate metabolism - Pseudomonas syringae pv. tomato DC3000,Carbohydrate Metabolism,,,,,
1,pst:PSPTO_3556,Glyoxylate and dicarboxylate metabolism - Pseudomonas syringae pv. tomato DC3000,Carbohydrate Metabolism,,,,,
1,pst:PSPTO_3559,Pyruvate metabolism - Pseudomonas syringae pv. tomato DC3000,Carbohydrate Metabolism,,,,,
1,pst:PSPTO_3564,Pentose phosphate pathway - Pseudomonas syringae pv. tomato DC3000,Carbohydrate Metabolism,,,,,
1,pst:PSPTO_3582,Tryptophan metabolism - Pseudomonas syringae pv. tomato DC3000,Amino Acid Metabolism,,,,,
1,pst:PSPTO_3644,Pyruvate metabolism - Pseudomonas syringae pv. tomato DC3000,Carbohydrate Metabolism,,,,,
1,pst:PSPTO_3663,Purine metabolism - Pseudomonas syringae pv. tomato DC3000,Nucleotide Metabolism,,,,,
1,pst:PSPTO_3669,Purine metabolism - Pseudomonas syringae pv. tomato DC3000,Nucleotide Metabolism,,,,,
1,pst:PSPTO_3675,Cysteine and methionine metabolism - Pseudomonas syringae pv. tomato DC3000,Amino Acid Metabolism,,,,,
1,pst:PSPTO_3694,Starch and sucrose metabolism - Pseudomonas syringae pv. tomato DC3000,Carbohydrate Metabolism,,,,,
1,pst:PSPTO_3714,Pyruvate metabolism - Pseudomonas syringae pv. tomato DC3000,Carbohydrate Metabolism,,,,,
1,pst:PSPTO_3721,Fatty acid metabolism - Pseudomonas syringae pv. tomato DC3000,Fatty Acid Metabolism,,,,,
1,pst:PSPTO_3733,One carbon pool by folate - Pseudomonas syringae pv. tomato DC3000,Cofactor Metabolism,,,,,
1,pst:PSPTO_3745,Lipopolysaccharide biosynthesis - Pseudomonas syringae pv. tomato DC3000,Virulence,,,,,
1,pst:PSPTO_3752,Citrate cycle (TCA cycle) - Pseudomonas syringae pv. tomato DC3000,TCA,,,,,
1,pst:PSPTO_3757,"Alanine, aspartate and glutamate metabolism - Pseudomonas syringae pv. tomato DC3000",Amino Acid Metabolism,,,,,
1,pst:PSPTO_3772,Ascorbate and aldarate metabolism - Pseudomonas syringae pv. tomato DC3000,Carbohydrate Metabolism,,,,,
1,pst:PSPTO_3788,Glutathione metabolism - Pseudomonas syringae pv. tomato DC3000,Amino Acid Metabolism,,,,,
1,pst:PSPTO_3793,Nicotinate and nicotinamide metabolism - Pseudomonas syringae pv. tomato DC3000,Cofactor Metabolism,,,,,
1,pst:PSPTO_3802,Cysteine and methionine metabolism - Pseudomonas syringae pv. tomato DC3000,Amino Acid Metabolism,,,,,
1,pst:PSPTO_3806,"Valine, leucine and isoleucine biosynthesis - Pseudomonas syringae pv. tomato DC3000",Amino Acid Metabolism,,,,,
1,pst:PSPTO_3810,Cysteine and methionine metabolism - Pseudomonas syringae pv. tomato DC3000,Amino Acid Metabolism,,,,,
1,pst:PSPTO_3811,Purine metabolism - Pseudomonas syringae pv. tomato DC3000,Nucleotide Metabolism,,,,,
1,pst:PSPTO_3814,Folate biosynthesis - Pseudomonas syringae pv. tomato DC3000,Cofactor Metabolism,,,,,
1,pst:PSPTO_3815,Pyruvate metabolism - Pseudomonas syringae pv. tomato DC3000,Carbohydrate Metabolism,,,,,
1,pst:PSPTO_3816,"Phenylalanine, tyrosine and tryptophan biosynthesis - Pseudomonas syringae pv. tomato DC3000",Amino Acid Metabolism,,,,,
1,pst:PSPTO_3827,Pyrimidine metabolism - Pseudomonas syringae pv. tomato DC3000,Nucleotide Metabolism,,,,,
1,pst:PSPTO_3829,Folate biosynthesis - Pseudomonas syringae pv. tomato DC3000,Cofactor Metabolism,,,,,
1,pst:PSPTO_3830,Biotin metabolism - Pseudomonas syringae pv. tomato DC3000,Cofactor Metabolism,,,,,
1,pst:PSPTO_3832,Biotin metabolism - Pseudomonas syringae pv. tomato DC3000,Cofactor Metabolism,,,,,
1,pst:PSPTO_3833,Fatty acid metabolism - Pseudomonas syringae pv. tomato DC3000,Fatty Acid Metabolism,,,,,
1,pst:PSPTO_3834,Glycerolipid metabolism - Pseudomonas syringae pv. tomato DC3000,Lipid Metabolism,,,,,
1,pst:PSPTO_3842,Peptidoglycan biosynthesis - Pseudomonas syringae pv. tomato DC3000,Virulence,,,,,
1,pst:PSPTO_3843,Lipopolysaccharide biosynthesis - Pseudomonas syringae pv. tomato DC3000,Virulence,,,,,
1,pst:PSPTO_3845,Lipopolysaccharide biosynthesis - Pseudomonas syringae pv. tomato DC3000,Virulence,,,,,
1,pst:PSPTO_3862,Citrate cycle (TCA cycle) - Pseudomonas syringae pv. tomato DC3000,TCA,,,,,
1,pst:PSPTO_3871,Lipopolysaccharide biosynthesis - Pseudomonas syringae pv. tomato DC3000,Virulence,,,,,
1,pst:PSPTO_3902,Cysteine and methionine metabolism - Pseudomonas syringae pv. tomato DC3000,Amino Acid Metabolism,,,,,
1,pst:PSPTO_3924,Pyruvate metabolism - Pseudomonas syringae pv. tomato DC3000,Carbohydrate Metabolism,,,,,
1,pst:PSPTO_3950,Purine metabolism - Pseudomonas syringae pv. tomato DC3000,Nucleotide Metabolism,,,,,
1,pst:PSPTO_3953,Lysine biosynthesis - Pseudomonas syringae pv. tomato DC3000,Amino Acid Metabolism,,,,,
1,pst:PSPTO_4026,Glycerophospholipid metabolism - Pseudomonas syringae pv. tomato DC3000,Lipid Metabolism,,,,,
1,pst:PSPTO_4097,Fatty acid metabolism - Pseudomonas syringae pv. tomato DC3000,Fatty Acid Metabolism,,,,,
1,pst:PSPTO_4098,Fatty acid biosynthesis - Pseudomonas syringae pv. tomato DC3000,Fatty Acid Metabolism,,,,,
1,pst:PSPTO_4116,Vitamin B6 metabolism - Pseudomonas syringae pv. tomato DC3000,Cofactor Metabolism,,,,,
1,pst:PSPTO_4144,Pyrimidine metabolism - Pseudomonas syringae pv. tomato DC3000,Nucleotide Metabolism,,,,,
1,pst:PSPTO_4155,"Alanine, aspartate and glutamate metabolism - Pseudomonas syringae pv. tomato DC3000",Amino Acid Metabolism,,,,,
1,pst:PSPTO_4157,Pyrimidine metabolism - Pseudomonas syringae pv. tomato DC3000,Nucleotide Metabolism,,,,,
1,pst:PSPTO_4164,Arginine biosynthesis - Pseudomonas syringae pv. tomato DC3000,Amino Acid Metabolism,,,,,
1,pst:PSPTO_4168,Glycerolipid metabolism - Pseudomonas syringae pv. tomato DC3000,Lipid Metabolism,,,,,
1,pst:PSPTO_4170,Glycerophospholipid metabolism - Pseudomonas syringae pv. tomato DC3000,Lipid Metabolism,,,,,
1,pst:PSPTO_4179,Cysteine and methionine metabolism - Pseudomonas syringae pv. tomato DC3000,Amino Acid Metabolism,,,,,
1,pst:PSPTO_4182,D-Alanine metabolism - Pseudomonas syringae pv. tomato DC3000,Amino Acid Metabolism,,,,,
1,pst:PSPTO_4196,Pentose phosphate pathway - Pseudomonas syringae pv. tomato DC3000,Carbohydrate Metabolism,,,,,
1,pst:PSPTO_4214,Vitamin B6 metabolism - Pseudomonas syringae pv. tomato DC3000,Cofactor Metabolism,,,,,
1,pst:PSPTO_4225,Nicotinate and nicotinamide metabolism - Pseudomonas syringae pv. tomato DC3000,Cofactor Metabolism,,,,,
1,pst:PSPTO_4243,Arginine biosynthesis - Pseudomonas syringae pv. tomato DC3000,Amino Acid Metabolism,,,,,
1,pst:PSPTO_4254,Glutathione metabolism - Pseudomonas syringae pv. tomato DC3000,Amino Acid Metabolism,,,,,
1,pst:PSPTO_4265,Cysteine and methionine metabolism - Pseudomonas syringae pv. tomato DC3000,Amino Acid Metabolism,,,,,
1,pst:PSPTO_4285,Glycolysis / Gluconeogenesis - Pseudomonas syringae pv. tomato DC3000,Glycolysis,,,,,
1,pst:PSPTO_4290,Starch and sucrose metabolism - Pseudomonas syringae pv. tomato DC3000,Carbohydrate Metabolism,,,,,
1,pst:PSPTO_4307,Benzoate degradation - Pseudomonas syringae pv. tomato DC3000,Xenobiotic Metabolism,,,,,
1,pst:PSPTO_4314,Glyoxylate and dicarboxylate metabolism - Pseudomonas syringae pv. tomato DC3000,Carbohydrate Metabolism,,,,,
1,pst:PSPTO_4337,Pyruvate metabolism - Pseudomonas syringae pv. tomato DC3000,Carbohydrate Metabolism,,,,,
1,pst:PSPTO_4339,Citrate cycle (TCA cycle) - Pseudomonas syringae pv. tomato DC3000,TCA,,,,,
1,pst:PSPTO_4380,Fatty acid metabolism - Pseudomonas syringae pv. tomato DC3000,Fatty Acid Metabolism,,,,,
1,pst:PSPTO_4394,Pantothenate and CoA biosynthesis - Pseudomonas syringae pv. tomato DC3000,Cofactor Metabolism,,,,,
1,pst:PSPTO_4396,Porphyrin and chlorophyll metabolism - Pseudomonas syringae pv. tomato DC3000,Xenobiotic Metabolism,,,,,
1,pst:PSPTO_4399,Arginine biosynthesis - Pseudomonas syringae pv. tomato DC3000,Amino Acid Metabolism,,,,,
1,pst:PSPTO_4402,Lipopolysaccharide biosynthesis - Pseudomonas syringae pv. tomato DC3000,Virulence,,,,,
1,pst:PSPTO_4406,D-Alanine metabolism - Pseudomonas syringae pv. tomato DC3000,Amino Acid Metabolism,,,,,
1,pst:PSPTO_4407,D-Glutamine and D-glutamate metabolism - Pseudomonas syringae pv. tomato DC3000,Amino Acid Metabolism,,,,,
1,pst:PSPTO_4408,Peptidoglycan biosynthesis - Pseudomonas syringae pv. tomato DC3000,Virulence,,,,,
1,pst:PSPTO_4410,D-Glutamine and D-glutamate metabolism - Pseudomonas syringae pv. tomato DC3000,Amino Acid Metabolism,,,,,
1,pst:PSPTO_4411,Peptidoglycan biosynthesis - Pseudomonas syringae pv. tomato DC3000,Virulence,,,,,
1,pst:PSPTO_4413,Lysine biosynthesis - Pseudomonas syringae pv. tomato DC3000,Amino Acid Metabolism,,,,,
1,pst:PSPTO_4421,Lipopolysaccharide biosynthesis - Pseudomonas syringae pv. tomato DC3000,Virulence,,,,,
1,pst:PSPTO_4429,Aminoacyl-tRNA biosynthesis - Pseudomonas syringae pv. tomato DC3000,Protein Biosynthesis,,,,,
1,pst:PSPTO_4432,Purine metabolism - Pseudomonas syringae pv. tomato DC3000,Nucleotide Metabolism,,,,,
1,pst:PSPTO_4433,Purine metabolism - Pseudomonas syringae pv. tomato DC3000,Nucleotide Metabolism,,,,,
1,pst:PSPTO_4438,Histidine metabolism - Pseudomonas syringae pv. tomato DC3000,Amino Acid Metabolism,,,,,
1,pst:PSPTO_4439,Histidine metabolism - Pseudomonas syringae pv. tomato DC3000,Amino Acid Metabolism,,,,,
1,pst:PSPTO_4441,Amino sugar and nucleotide sugar metabolism - Pseudomonas syringae pv. tomato DC3000,Carbohydrate Metabolism,,,,,
1,pst:PSPTO_4448,Lipopolysaccharide biosynthesis - Pseudomonas syringae pv. tomato DC3000,Virulence,,,,,
1,pst:PSPTO_4461,Citrate cycle (TCA cycle) - Pseudomonas syringae pv. tomato DC3000,TCA,,,,,
1,pst:PSPTO_4478,Benzoate degradation - Pseudomonas syringae pv. tomato DC3000,Xenobiotic Metabolism,,,,,
1,pst:PSPTO_4480,Folate biosynthesis - Pseudomonas syringae pv. tomato DC3000,Cofactor Metabolism,,,,,
1,pst:PSPTO_4494,Glycolysis / Gluconeogenesis - Pseudomonas syringae pv. tomato DC3000,Glycolysis,,,,,
1,pst:PSPTO_4495,Amino sugar and nucleotide sugar metabolism - Pseudomonas syringae pv. tomato DC3000,Carbohydrate Metabolism,,,,,
1,pst:PSPTO_4496,Folate biosynthesis - Pseudomonas syringae pv. tomato DC3000,Cofactor Metabolism,,,,,
1,pst:PSPTO_4501,"Alanine, aspartate and glutamate metabolism - Pseudomonas syringae pv. tomato DC3000",Amino Acid Metabolism,,,,,
1,pst:PSPTO_4502,"Alanine, aspartate and glutamate metabolism - Pseudomonas syringae pv. tomato DC3000",Amino Acid Metabolism,,,,,
1,pst:PSPTO_4503,Lysine biosynthesis - Pseudomonas syringae pv. tomato DC3000,Amino Acid Metabolism,,,,,
1,pst:PSPTO_4526,Phenylalanine metabolism - Pseudomonas syringae pv. tomato DC3000,Amino Acid Metabolism,,,,,
1,pst:PSPTO_4547,Ascorbate and aldarate metabolism - Pseudomonas syringae pv. tomato DC3000,Carbohydrate Metabolism,,,,,
1,pst:PSPTO_4549,Ascorbate and aldarate metabolism - Pseudomonas syringae pv. tomato DC3000,Carbohydrate Metabolism,,,,,
1,pst:PSPTO_4569,Sulfur metabolism - Pseudomonas syringae pv. tomato DC3000,Sulfur Metabolism,,,,,
1,pst:PSPTO_4572,Glutathione metabolism - Pseudomonas syringae pv. tomato DC3000,Amino Acid Metabolism,,,,,
1,pst:PSPTO_4575,ABC transporters - Pseudomonas syringae pv. tomato DC3000,Transport,,,,,
1,pst:PSPTO_4577,ABC transporters - Pseudomonas syringae pv. tomato DC3000,Transport,,,,,
1,pst:PSPTO_4578,ABC transporters - Pseudomonas syringae pv. tomato DC3000,Transport,,,,,
1,pst:PSPTO_4632,Glyoxylate and dicarboxylate metabolism - Pseudomonas syringae pv. tomato DC3000,Carbohydrate Metabolism,,,,,
1,pst:PSPTO_4660,Biosynthesis of unsaturated fatty acids - Pseudomonas syringae pv. tomato DC3000,Fatty Acid Metabolism,,,,,
1,pst:PSPTO_4795,Purine metabolism - Pseudomonas syringae pv. tomato DC3000,Nucleotide Metabolism,,,,,
1,pst:PSPTO_4798,Thiamine metabolism - Pseudomonas syringae pv. tomato DC3000,Cofactor Metabolism,,,,,
1,pst:PSPTO_4799,Thiamine metabolism - Pseudomonas syringae pv. tomato DC3000,Cofactor Metabolism,,,,,
1,pst:PSPTO_4800,Porphyrin and chlorophyll metabolism - Pseudomonas syringae pv. tomato DC3000,Xenobiotic Metabolism,,,,,
1,pst:PSPTO_4812,Aminoacyl-tRNA biosynthesis - Pseudomonas syringae pv. tomato DC3000,Protein Biosynthesis,,,,,
1,pst:PSPTO_4825,beta-Lactam resistance - Pseudomonas syringae pv. tomato DC3000,Antibiotic Metabolism,,,,,
1,pst:PSPTO_4825,Peptidoglycan biosynthesis - Pseudomonas syringae pv. tomato DC3000,Virulence,,,,,
1,pst:PSPTO_4828,Nicotinate and nicotinamide metabolism - Pseudomonas syringae pv. tomato DC3000,Cofactor Metabolism,,,,,
1,pst:PSPTO_4829,Arginine and proline metabolism - Pseudomonas syringae pv. tomato DC3000,Amino Acid Metabolism,,,,,
1,pst:PSPTO_4842,Arginine and proline metabolism - Pseudomonas syringae pv. tomato DC3000,Amino Acid Metabolism,,,,,
1,pst:PSPTO_4859,"Phenylalanine, tyrosine and tryptophan biosynthesis - Pseudomonas syringae pv. tomato DC3000",Amino Acid Metabolism,,,,,
1,pst:PSPTO_4860,Pyruvate metabolism - Pseudomonas syringae pv. tomato DC3000,Carbohydrate Metabolism,,,,,
1,pst:PSPTO_4861,Pyruvate metabolism - Pseudomonas syringae pv. tomato DC3000,Carbohydrate Metabolism,,,,,
1,pst:PSPTO_4866,Purine metabolism - Pseudomonas syringae pv. tomato DC3000,Nucleotide Metabolism,,,,,
1,pst:PSPTO_4867,Purine metabolism - Pseudomonas syringae pv. tomato DC3000,Nucleotide Metabolism,,,,,
1,pst:PSPTO_4874,Porphyrin and chlorophyll metabolism - Pseudomonas syringae pv. tomato DC3000,Xenobiotic Metabolism,,,,,
1,pst:PSPTO_4875,Porphyrin and chlorophyll metabolism - Pseudomonas syringae pv. tomato DC3000,Xenobiotic Metabolism,,,,,
1,pst:PSPTO_4876,Porphyrin and chlorophyll metabolism - Pseudomonas syringae pv. tomato DC3000,Xenobiotic Metabolism,,,,,
1,pst:PSPTO_4877,Porphyrin and chlorophyll metabolism - Pseudomonas syringae pv. tomato DC3000,Xenobiotic Metabolism,,,,,
1,pst:PSPTO_4878,Porphyrin and chlorophyll metabolism - Pseudomonas syringae pv. tomato DC3000,Xenobiotic Metabolism,,,,,
1,pst:PSPTO_4880,Porphyrin and chlorophyll metabolism - Pseudomonas syringae pv. tomato DC3000,Xenobiotic Metabolism,,,,,
1,pst:PSPTO_4891,Arginine biosynthesis - Pseudomonas syringae pv. tomato DC3000,Amino Acid Metabolism,,,,,
1,pst:PSPTO_4894,Arginine biosynthesis - Pseudomonas syringae pv. tomato DC3000,Amino Acid Metabolism,,,,,
1,pst:PSPTO_4895,Arginine biosynthesis - Pseudomonas syringae pv. tomato DC3000,Amino Acid Metabolism,,,,,
1,pst:PSPTO_4921,Nicotinate and nicotinamide metabolism - Pseudomonas syringae pv. tomato DC3000,Cofactor Metabolism,,,,,
1,pst:PSPTO_4922,Nicotinate and nicotinamide metabolism - Pseudomonas syringae pv. tomato DC3000,Cofactor Metabolism,,,,,
1,pst:PSPTO_4937,"Alanine, aspartate and glutamate metabolism - Pseudomonas syringae pv. tomato DC3000",Amino Acid Metabolism,,,,,
1,pst:PSPTO_4943,Biosynthesis of secondary metabolites - Pseudomonas syringae pv. tomato DC3000,Secondary Metabolism,,,,,
1,pst:PSPTO_4945,Cationic antimicrobial peptide (CAMP) resistance - Pseudomonas syringae pv. tomato DC3000,Antibiotic Metabolism,,,,,
1,pst:PSPTO_4951,Thiamine metabolism - Pseudomonas syringae pv. tomato DC3000,Cofactor Metabolism,,,,,
1,pst:PSPTO_4955,Glycerophospholipid metabolism - Pseudomonas syringae pv. tomato DC3000,Lipid Metabolism,,,,,
1,pst:PSPTO_4965,Purine metabolism - Pseudomonas syringae pv. tomato DC3000,Nucleotide Metabolism,,,,,
1,pst:PSPTO_4973,Purine metabolism - Pseudomonas syringae pv. tomato DC3000,Nucleotide Metabolism,,,,,
1,pst:PSPTO_4976,Thiamine metabolism - Pseudomonas syringae pv. tomato DC3000,Cofactor Metabolism,,,,,
1,pst:PSPTO_4978,Lipopolysaccharide biosynthesis - Pseudomonas syringae pv. tomato DC3000,Virulence,,,,,
1,pst:PSPTO_4983,Lipopolysaccharide biosynthesis - Pseudomonas syringae pv. tomato DC3000,Virulence,,,,,
1,pst:PSPTO_4984,ABC transporters - Pseudomonas syringae pv. tomato DC3000,Transport,,,,,
1,pst:PSPTO_5001,Lipopolysaccharide biosynthesis - Pseudomonas syringae pv. tomato DC3000,Virulence,,,,,
1,pst:PSPTO_5002,Lipopolysaccharide biosynthesis - Pseudomonas syringae pv. tomato DC3000,Virulence,,,,,
1,pst:PSPTO_5003,Lipopolysaccharide biosynthesis - Pseudomonas syringae pv. tomato DC3000,Virulence,,,,,
1,pst:PSPTO_5005,Citrate cycle (TCA cycle) - Pseudomonas syringae pv. tomato DC3000,TCA,,,,,
1,pst:PSPTO_5006,Citrate cycle (TCA cycle) - Pseudomonas syringae pv. tomato DC3000,TCA,,,,,
1,pst:PSPTO_5017,"Alanine, aspartate and glutamate metabolism - Pseudomonas syringae pv. tomato DC3000",Amino Acid Metabolism,,,,,
1,pst:PSPTO_5020,"Valine, leucine and isoleucine degradation - Pseudomonas syringae pv. tomato DC3000",Amino Acid Metabolism,,,,,
1,pst:PSPTO_5035,Cysteine and methionine metabolism - Pseudomonas syringae pv. tomato DC3000,Amino Acid Metabolism,,,,,
1,pst:PSPTO_5039,Pyrimidine metabolism - Pseudomonas syringae pv. tomato DC3000,Nucleotide Metabolism,,,,,
1,pst:PSPTO_5040,"Alanine, aspartate and glutamate metabolism - Pseudomonas syringae pv. tomato DC3000",Amino Acid Metabolism,,,,,
1,pst:PSPTO_5041,Pyrimidine metabolism - Pseudomonas syringae pv. tomato DC3000,Nucleotide Metabolism,,,,,
1,pst:PSPTO_5047,Arginine and proline metabolism - Pseudomonas syringae pv. tomato DC3000,Amino Acid Metabolism,,,,,
1,pst:PSPTO_5049,Cysteine and methionine metabolism - Pseudomonas syringae pv. tomato DC3000,Amino Acid Metabolism,,,,,
1,pst:PSPTO_5051,Purine metabolism - Pseudomonas syringae pv. tomato DC3000,Nucleotide Metabolism,,,,,
1,pst:PSPTO_5057,"Valine, leucine and isoleucine biosynthesis - Pseudomonas syringae pv. tomato DC3000",Amino Acid Metabolism,,,,,
1,pst:PSPTO_5068,Cysteine and methionine metabolism - Pseudomonas syringae pv. tomato DC3000,Amino Acid Metabolism,,,,,
1,pst:PSPTO_5069,One carbon pool by folate - Pseudomonas syringae pv. tomato DC3000,Cofactor Metabolism,,,,,
1,pst:PSPTO_5074,Arginine and proline metabolism - Pseudomonas syringae pv. tomato DC3000,Amino Acid Metabolism,,,,,
1,pst:PSPTO_5075,Biotin metabolism - Pseudomonas syringae pv. tomato DC3000,Cofactor Metabolism,,,,,
1,pst:PSPTO_5110,Fatty acid metabolism - Pseudomonas syringae pv. tomato DC3000,Fatty Acid Metabolism,,,,,
1,pst:PSPTO_5118,Porphyrin and chlorophyll metabolism - Pseudomonas syringae pv. tomato DC3000,Xenobiotic Metabolism,,,,,
1,pst:PSPTO_5121,"Alanine, aspartate and glutamate metabolism - Pseudomonas syringae pv. tomato DC3000",Amino Acid Metabolism,,,,,
1,pst:PSPTO_5127,"Phenylalanine, tyrosine and tryptophan biosynthesis - Pseudomonas syringae pv. tomato DC3000",Amino Acid Metabolism,,,,,
1,pst:PSPTO_5138,Aminoacyl-tRNA biosynthesis - Pseudomonas syringae pv. tomato DC3000,Protein Biosynthesis,,,,,
1,pst:PSPTO_5150,Ubiquinone and other terpenoid-quinone biosynthesis - Pseudomonas syringae pv. tomato DC3000,Cofactor Metabolism,,,,,
1,pst:PSPTO_5153,Histidine metabolism - Pseudomonas syringae pv. tomato DC3000,Amino Acid Metabolism,,,,,
1,pst:PSPTO_5154,Histidine metabolism - Pseudomonas syringae pv. tomato DC3000,Amino Acid Metabolism,,,,,
1,pst:PSPTO_5168,Pentose phosphate pathway - Pseudomonas syringae pv. tomato DC3000,Carbohydrate Metabolism,,,,,
1,pst:PSPTO_5171,Histidine metabolism - Pseudomonas syringae pv. tomato DC3000,Amino Acid Metabolism,,,,,
1,pst:PSPTO_5179,Cysteine and methionine metabolism - Pseudomonas syringae pv. tomato DC3000,Amino Acid Metabolism,,,,,
1,pst:PSPTO_5181,ABC transporters - Pseudomonas syringae pv. tomato DC3000,Transport,,,,,
1,pst:PSPTO_5187,ABC transporters - Pseudomonas syringae pv. tomato DC3000,Transport,,,,,
1,pst:PSPTO_5188,ABC transporters - Pseudomonas syringae pv. tomato DC3000,Transport,,,,,
1,pst:PSPTO_5189,ABC transporters - Pseudomonas syringae pv. tomato DC3000,Transport,,,,,
1,pst:PSPTO_5198,Taurine and hypotaurine metabolism - Pseudomonas syringae pv. tomato DC3000,Sulfur Metabolism,,,,,
1,pst:PSPTO_5221,Ubiquinone and other terpenoid-quinone biosynthesis - Pseudomonas syringae pv. tomato DC3000,Cofactor Metabolism,,,,,
1,pst:PSPTO_5222,Ubiquinone and other terpenoid-quinone biosynthesis - Pseudomonas syringae pv. tomato DC3000,Cofactor Metabolism,,,,,
1,pst:PSPTO_5227,One carbon pool by folate - Pseudomonas syringae pv. tomato DC3000,Cofactor Metabolism,,,,,
1,pst:PSPTO_5240,Amino sugar and nucleotide sugar metabolism - Pseudomonas syringae pv. tomato DC3000,Carbohydrate Metabolism,,,,,
1,pst:PSPTO_5241,Ubiquinone and other terpenoid-quinone biosynthesis - Pseudomonas syringae pv. tomato DC3000,Cofactor Metabolism,,,,,
1,pst:PSPTO_5250,Oxidative phosphorylation - Pseudomonas syringae pv. tomato DC3000,Oxidative Phosphorylation,,,,,
1,pst:PSPTO_5251,Porphyrin and chlorophyll metabolism - Pseudomonas syringae pv. tomato DC3000,Xenobiotic Metabolism,,,,,
1,pst:PSPTO_5255,Nitrogen metabolism - Pseudomonas syringae pv. tomato DC3000,Nitrogen Metabolism,,,,,
1,pst:PSPTO_5260,ABC transporters - Pseudomonas syringae pv. tomato DC3000,Transport,,,,,
1,pst:PSPTO_5261,ABC transporters - Pseudomonas syringae pv. tomato DC3000,Transport,,,,,
1,pst:PSPTO_5262,ABC transporters - Pseudomonas syringae pv. tomato DC3000,Transport,,,,,
1,pst:PSPTO_5270,Histidine metabolism - Pseudomonas syringae pv. tomato DC3000,Amino Acid Metabolism,,,,,
1,pst:PSPTO_5274,Histidine metabolism - Pseudomonas syringae pv. tomato DC3000,Amino Acid Metabolism,,,,,
1,pst:PSPTO_5275,Histidine metabolism - Pseudomonas syringae pv. tomato DC3000,Amino Acid Metabolism,,,,,
1,pst:PSPTO_5277,Histidine metabolism - Pseudomonas syringae pv. tomato DC3000,Amino Acid Metabolism,,,,,
1,pst:PSPTO_5278,Histidine metabolism - Pseudomonas syringae pv. tomato DC3000,Amino Acid Metabolism,,,,,
1,pst:PSPTO_5282,Pyrimidine metabolism - Pseudomonas syringae pv. tomato DC3000,Nucleotide Metabolism,,,,,
1,pst:PSPTO_5284,Phosphotransferase system (PTS) - Pseudomonas syringae pv. tomato DC3000,Transport,,,,,
1,pst:PSPTO_5285,RNA degradation - Pseudomonas syringae pv. tomato DC3000,Nucleotide Metabolism,,,,,
1,pst:PSPTO_5288,"Valine, leucine and isoleucine biosynthesis - Pseudomonas syringae pv. tomato DC3000",Amino Acid Metabolism,,,,,
1,pst:PSPTO_5289,Pentose phosphate pathway - Pseudomonas syringae pv. tomato DC3000,Carbohydrate Metabolism,,,,,
1,pst:PSPTO_5294,"Glycine, serine and threonine metabolism - Pseudomonas syringae pv. tomato DC3000",Amino Acid Metabolism,,,,,
1,pst:PSPTO_5308,Arginine and proline metabolism - Pseudomonas syringae pv. tomato DC3000,Amino Acid Metabolism,,,,,
1,pst:PSPTO_5314,ABC transporters - Pseudomonas syringae pv. tomato DC3000,Transport,,,,,
1,pst:PSPTO_5315,ABC transporters - Pseudomonas syringae pv. tomato DC3000,Transport,,,,,
1,pst:PSPTO_5316,ABC transporters - Pseudomonas syringae pv. tomato DC3000,Transport,,,,,
1,pst:PSPTO_5319,ABC transporters - Pseudomonas syringae pv. tomato DC3000,Transport,,,,,
1,pst:PSPTO_5320,ABC transporters - Pseudomonas syringae pv. tomato DC3000,Transport,,,,,
1,pst:PSPTO_5321,ABC transporters - Pseudomonas syringae pv. tomato DC3000,Transport,,,,,
1,pst:PSPTO_5327,Glycolysis / Gluconeogenesis - Pseudomonas syringae pv. tomato DC3000,Glycolysis,,,,,
1,pst:PSPTO_5335,Histidine metabolism - Pseudomonas syringae pv. tomato DC3000,Amino Acid Metabolism,,,,,
1,pst:PSPTO_5338,Histidine metabolism - Pseudomonas syringae pv. tomato DC3000,Amino Acid Metabolism,,,,,
1,pst:PSPTO_5339,Tyrosine metabolism - Pseudomonas syringae pv. tomato DC3000,Amino Acid Metabolism,,,,,
1,pst:PSPTO_5357,ABC transporters - Pseudomonas syringae pv. tomato DC3000,Transport,,,,,
1,pst:PSPTO_5358,ABC transporters - Pseudomonas syringae pv. tomato DC3000,Transport,,,,,
1,pst:PSPTO_5359,ABC transporters - Pseudomonas syringae pv. tomato DC3000,Transport,,,,,
1,pst:PSPTO_5360,ABC transporters - Pseudomonas syringae pv. tomato DC3000,Transport,,,,,
1,pst:PSPTO_5378,Glutathione metabolism - Pseudomonas syringae pv. tomato DC3000,Amino Acid Metabolism,,,,,
1,pst:PSPTO_5381,"Valine, leucine and isoleucine degradation - Pseudomonas syringae pv. tomato DC3000",Amino Acid Metabolism,,,,,
1,pst:PSPTO_5393,Arginine and proline metabolism - Pseudomonas syringae pv. tomato DC3000,Amino Acid Metabolism,,,,,
1,pst:PSPTO_5394,Arginine and proline metabolism - Pseudomonas syringae pv. tomato DC3000,Amino Acid Metabolism,,,,,
1,pst:PSPTO_5401,Sulfur metabolism - Pseudomonas syringae pv. tomato DC3000,Sulfur Metabolism,,,,,
1,pst:PSPTO_5402,Purine metabolism - Pseudomonas syringae pv. tomato DC3000,Nucleotide Metabolism,,,,,
1,pst:PSPTO_5461,Tryptophan metabolism - Pseudomonas syringae pv. tomato DC3000,Amino Acid Metabolism,,,,,
1,pst:PSPTO_5465,Citrate cycle (TCA cycle) - Pseudomonas syringae pv. tomato DC3000,TCA,,,,,
1,pst:PSPTO_5475,Ubiquinone and other terpenoid-quinone biosynthesis - Pseudomonas syringae pv. tomato DC3000,Cofactor Metabolism,,,,,
1,pst:PSPTO_5476,Ubiquinone and other terpenoid-quinone biosynthesis - Pseudomonas syringae pv. tomato DC3000,Cofactor Metabolism,,,,,
1,pst:PSPTO_5484,ABC transporters - Pseudomonas syringae pv. tomato DC3000,Transport,,,,,
1,pst:PSPTO_5485,ABC transporters - Pseudomonas syringae pv. tomato DC3000,Transport,,,,,
1,pst:PSPTO_5486,ABC transporters - Pseudomonas syringae pv. tomato DC3000,Transport,,,,,
1,pst:PSPTO_5487,ABC transporters - Pseudomonas syringae pv. tomato DC3000,Transport,,,,,
1,pst:PSPTO_5490,Glycolysis / Gluconeogenesis - Pseudomonas syringae pv. tomato DC3000,Glycolysis,,,,,
1,pst:PSPTO_5494,Purine metabolism - Pseudomonas syringae pv. tomato DC3000,Nucleotide Metabolism,,,,,
1,pst:PSPTO_5499,"Alanine, aspartate and glutamate metabolism - Pseudomonas syringae pv. tomato DC3000",Amino Acid Metabolism,,,,,
1,pst:PSPTO_5501,"Alanine, aspartate and glutamate metabolism - Pseudomonas syringae pv. tomato DC3000",Amino Acid Metabolism,,,,,
1,pst:PSPTO_5510,Biosynthesis of amino acids - Pseudomonas syringae pv. tomato DC3000,Amino Acid Metabolism,,,,,
1,pst:PSPTO_5510,Citrate cycle (TCA cycle) - Pseudomonas syringae pv. tomato DC3000,TCA,,,,,
1,pst:PSPTO_5511,Citrate cycle (TCA cycle) - Pseudomonas syringae pv. tomato DC3000,TCA,,,,,
1,pst:PSPTO_5521,Vitamin B6 metabolism - Pseudomonas syringae pv. tomato DC3000,Cofactor Metabolism,,,,,
1,pst:PSPTO_5528,Cationic antimicrobial peptide (CAMP) resistance - Pseudomonas syringae pv. tomato DC3000,Antibiotic Metabolism,,,,,
1,pst:PSPTO_5530,Glycerophospholipid metabolism - Pseudomonas syringae pv. tomato DC3000,Lipid Metabolism,,,,,
1,pst:PSPTO_5536,Glycerophospholipid metabolism - Pseudomonas syringae pv. tomato DC3000,Lipid Metabolism,,,,,
1,pst:PSPTO_5541,Glycerophospholipid metabolism - Pseudomonas syringae pv. tomato DC3000,Lipid Metabolism,,,,,
1,pst:PSPTO_5586,Amino sugar and nucleotide sugar metabolism - Pseudomonas syringae pv. tomato DC3000,Carbohydrate Metabolism,,,,,
1,pst:PSPTO_5595,"Alanine, aspartate and glutamate metabolism - Pseudomonas syringae pv. tomato DC3000",Amino Acid Metabolism,,,,,
1,pst:PSPTO_5597,Amino sugar and nucleotide sugar metabolism - Pseudomonas syringae pv. tomato DC3000,Carbohydrate Metabolism,,,,,