rxn00020_c,cellobiose glucohydrolase,cpd00001_c + cpd00158_c --> 2.0 cpd00190_c,PSPTO_4290,0,1000
rxn00025_c,"beta-Carotene:oxygen 15,15'-oxidoreductase (bond-cleaving)",cpd00007_c + cpd01420_c <=> 2.0 cpd00304_c,PSPTO_4235,-1000,1000
rxn00029_c,5-aminolevulinate hydro-lyase (adding 5-aminolevulinate and cyclizing; porphobilinogen-forming),2.0 cpd00338_c --> 2.0 cpd00001_c + cpd00067_c + cpd00689_c,PSPTO_5251,0,1000
rxn00048_c,"6,7-Dimethyl-8-(1-D-ribityl)lumazine:6,7-dimethyl-8-(1-D-ribityl)lumazine 2,3-butanediyltransferase",cpd00067_c + 2.0 cpd02656_c --> cpd00220_c + cpd02882_c,PSPTO_0691,0,1000
rxn00060_c,porphobilinogen:(4-[2-carboxyethyl]-3-[carboxymethyl]pyrrol-2-yl)methyltransferase (hydrolysing),cpd00001_c + 4.0 cpd00689_c --> 4.0 cpd00013_c + cpd00755_c,PSPTO_0128,0,1000
rxn00147_c,"ATP:pyruvate,water phosphotransferase",cpd00001_c + cpd00002_c + cpd00020_c --> cpd00009_c + cpd00018_c + cpd00061_c + 3.0 cpd00067_c,PSPTO_2292,0,1000
rxn00148_c,ATP:pyruvate 2-O-phosphotransferase,cpd00002_c + cpd00020_c <=> cpd00008_c + cpd00061_c + cpd00067_c,PSPTO_4337,-1000,1000
rxn00149_c,pyruvaldehyde:NAD+ oxidoreductase,cpd00001_c + cpd00003_c + cpd00428_c <=> cpd00004_c + cpd00020_c + 2.0 cpd00067_c,PSPTO_2680,-1000,1000
rxn00159_c,(S)-malate:NAD+ oxidoreductase (decarboxylating),cpd00003_c + cpd00130_c --> cpd00004_c + cpd00011_c + cpd00020_c,PSPTO_3924,0,1000
rxn00161_c,(S)-Malate:NADP+ oxidoreductase(oxaloacetate-decarboxylating),cpd00006_c + cpd00130_c --> cpd00005_c + cpd00011_c + cpd00020_c,PSPTO_5134,0,1000
rxn00165_c,L-serine ammonia-lyase,cpd00054_c --> cpd00013_c + cpd00020_c,(PSPTO_1886 and PSPTO_1886),0,1000
rxn00179_c,ATP:L-glutamate 5-phosphotransferase,cpd00002_c + cpd00023_c <=> cpd00008_c + cpd02097_c,PSPTO_0800,-1000,1000
rxn00182_c,L-glutamate:NAD+ oxidoreductase (deaminating),cpd00001_c + cpd00003_c + cpd00023_c <=> cpd00004_c + cpd00013_c + cpd00024_c + cpd00067_c,PSPTO_3757,-1000,1000
rxn00183_c,L-Glutamate 5-semialdehyde:NAD+ oxidoreductase,cpd00001_c + cpd00003_c + cpd00858_c --> cpd00004_c + cpd00023_c + 2.0 cpd00067_c,(PSPTO_1881 or PSPTO_3644),0,1000
rxn00187_c,L-Glutamate:ammonia ligase (ADP-forming),cpd00002_c + cpd00013_c + cpd00023_c --> cpd00008_c + cpd00009_c + cpd00053_c + cpd00067_c,PSPTO_0359,0,1000
rxn00189_c,L-Glutamine amidohydrolase,cpd00001_c + cpd00053_c --> cpd00013_c + cpd00023_c,PSPTO_2488,0,1000
rxn00192_c,acetyl-CoA:L-glutamate N-acetyltransferase,cpd00022_c + cpd00023_c --> cpd00010_c + cpd00067_c + cpd00477_c,PSTPO_0324,0,1000
rxn00193_c,glutamate racemase,cpd00023_c <=> cpd00186_c,PSPTO_1112,-1000,1000
rxn00224_c,protoheme ferro-lyase (protoporphyrin-forming),cpd01476_c + cpd10515_c <=> cpd00028_c + 2.0 cpd00067_c,PSPTO_1128,-1000,1000
rxn00256_c,acetyl-CoA:oxaloacetate C-acetyltransferase (thioester-hydrolysing),cpd00001_c + cpd00022_c + cpd00032_c --> cpd00010_c + cpd00067_c + cpd00137_c,PSPTO_2194,0,1000
rxn00260_c,L-Aspartate:2-oxoglutarate aminotransferase,cpd00024_c + cpd00041_c <=> cpd00023_c + cpd00032_c,PSPTO_2925,-1000,1000
rxn00262_c,L-Aspartic acid:oxygen oxidoreductase (deaminating),cpd00001_c + cpd00007_c + cpd00041_c --> cpd00013_c + cpd00025_c + cpd00032_c,PSPTO_4225,0,1000
rxn00283_c,alanine racemase,cpd00035_c <=> cpd00117_c,PSPTO_0103,-1000,1000
rxn00289_c,"(2S,3R)-3-hydroxybutane-1,2,3-tricarboxylate pyruvate-lyase (succinate-forming)",cpd02799_c <=> cpd00020_c + cpd00036_c,PSPTO_2287,-1000,1000
rxn00291_c,N-succinyl-L-glutamate amidohydrolase,cpd00001_c + cpd03525_c <=> cpd00023_c + cpd00036_c,PSPTO_1838,-1000,1000
rxn00328_c,4-hydroxy-2-oxoglutarate glyoxylate-lyase (pyruvate-forming),cpd00830_c <=> cpd00020_c + cpd00040_c,PSPTO_1302,-1000,1000
rxn00330_c,"acetyl-CoA:glyoxylate C-acetyltransferase (thioester-hydrolysing, carboxymethyl-forming)",cpd00001_c + cpd00022_c + cpd00040_c <=> cpd00010_c + cpd00067_c + cpd00130_c,(PSPTO_0480 or PSPTO_3559),-1000,1000
rxn00337_c,ATP:L-aspartate 4-phosphotransferase,cpd00002_c + cpd00041_c <=> cpd00008_c + cpd01977_c,PSPTO_1843,-1000,1000
rxn00338_c,L-aspartate:oxygen oxidoreductase,cpd00007_c + cpd00041_c --> cpd00025_c + cpd00067_c + cpd03470_c,PSPTO_4225,0,1000
rxn00344_c,Acetyl-CoA:L-aspartate N-acetyltransferase,cpd00022_c + cpd00041_c --> cpd00010_c + cpd00067_c + cpd00767_c,PSPTO_0592 and PSPTO_0568,0,1000
rxn00347_c,L-Aspartate ammonia-lyase,cpd00041_c <=> cpd00013_c + cpd00106_c,PSPTO_5499,-1000,1000
rxn00350_c,glutathione gamma-glutamylaminopeptidase,cpd00001_c + cpd00042_c <=> cpd00023_c + cpd01017_c,PSPTO_0787,-1000,1000
rxn00351_c,gamma-L-glutamyl-L-cysteine:glycine ligase (ADP-forming),cpd00002_c + cpd00033_c + cpd00506_c --> cpd00008_c + cpd00009_c + cpd00042_c + cpd00067_c,PSPTO_5035,0,1000
rxn00375_c,N-Formyl-L-glutamate amidohydrolase,cpd00001_c + cpd00770_c <=> cpd00023_c + cpd00047_c,PSPTO_5278,-1000,1000
rxn00404_c,L-Arginine:glycine amidinotransferase,cpd00033_c + cpd00051_c <=> cpd00064_c + cpd00451_c,PSPTO_0873,-1000,1000
rxn00405_c,L-arginine carboxy-lyase (agmatine-forming),cpd00051_c + cpd00067_c --> cpd00011_c + cpd00152_c,PSPTO_4842,0,1000
rxn00412_c,UTP:L-glutamine amido-ligase (ADP-forming),cpd00001_c + cpd00002_c + cpd00053_c + cpd00062_c --> cpd00008_c + cpd00009_c + cpd00023_c + cpd00052_c + 2.0 cpd00067_c,PSPTO_1552,0,1000
rxn00414_c,"hydrogen-carbonate:L-glutamine amido-ligase (ADP-forming, carbamate-phosphorylating)",cpd00001_c + 2.0 cpd00002_c + cpd00053_c + cpd00242_c --> 2.0 cpd00008_c + cpd00009_c + cpd00023_c + 2.0 cpd00067_c + cpd00146_c,PSPTO_4501 and PSPTO_4502,0,1000
rxn00416_c,L-aspartate:L-glutamine amido-ligase (AMP-forming),cpd00001_c + cpd00002_c + cpd00041_c + cpd00053_c <=> cpd00012_c + cpd00018_c + cpd00023_c + 2.0 cpd00067_c + cpd00132_c,PSPTO_1633,-1000,1000
rxn00433_c,sarcosine:oxygen oxidoreductase (demethylating),cpd00001_c + cpd00007_c + cpd00183_c --> cpd00025_c + cpd00033_c + cpd00055_c,PSPTO_0460 and PSPTO_0458 or PSPTO_2452 and PSPTO_2450,0,1000
rxn00470_c,L-ornithine carboxy-lyase (putrescine-forming),cpd00064_c + cpd00067_c --> cpd00011_c + cpd00118_c,PSPTO_4572,0,1000
rxn00472_c,ornithine racemase,cpd00064_c <=> cpd00404_c,PSPTO_0103,-1000,1000
rxn00493_c,L-Phenylalanine:2-oxoglutarate aminotransferase,cpd00024_c + cpd00066_c <=> cpd00023_c + cpd00143_c,PSPTO_5339 or PSPTO_2163,-1000,1000
rxn00503_c,(S)-1-pyrroline-5-carboxylate:NAD+ oxidoreductase,2.0 cpd00001_c + cpd00003_c + cpd02431_c <=> cpd00004_c + cpd00023_c + cpd00067_c,PSPTO_5017,-1000,1000
rxn00527_c,L-tyrosine:2-oxoglutarate aminotransferase,cpd00024_c + cpd00069_c <=> cpd00023_c + cpd00868_c,PSPTO_5339,-1000,1000
rxn00555_c,L-glutamine:D-fructose-6-phosphate isomerase (deaminating),cpd00053_c + cpd00072_c <=> cpd00023_c + cpd00288_c,PSPTO_5595,-1000,1000
rxn00615_c,ATP:glycerol 3-phosphotransferase,cpd00002_c + cpd00100_c <=> cpd00008_c + cpd00067_c + cpd00080_c,PSPTO_4168,-1000,1000
rxn00629_c,D-Mannitol:NAD+ 2-oxidoreductase,cpd00003_c + cpd00314_c <=> cpd00004_c + cpd00067_c + cpd00082_c,PSPTO_2703,-1000,1000
rxn00646_c,L-glutamate:L-cysteine gamma-ligase (ADP-forming),cpd00002_c + cpd00023_c + cpd00084_c --> cpd00008_c + cpd00009_c + cpd00067_c + cpd00506_c,PSPTO_0325,0,1000
rxn00656_c,L-Alanine:3-oxopropanoate aminotransferase,cpd00035_c + cpd00191_c <=> cpd00020_c + cpd00085_c,PSPTO_0774,-1000,1000
rxn00678_c,(S)-2-Methyl-3-oxopropanoyl-CoA:pyruvate carboxyltransferase,cpd00020_c + cpd00519_c <=> cpd00032_c + cpd00086_c,(PSPTO_5081 and PSPTO_5083 and PSPTO_5084 and PSPTO_5085),-1000,1000
rxn00708_c,Uridine 5'-monophosphate phosphohydrolase,cpd00001_c + cpd00091_c --> cpd00009_c + cpd00249_c,(PSPTO_3043 or PSPTO_2277),0,1000
rxn00726_c,chorismate pyruvate-lyase (amino-accepting; anthranilate-forming),cpd00013_c + cpd00216_c --> cpd00001_c + cpd00020_c + cpd00067_c + cpd00093_c,((PSPTO_0592 and PSPTO_0568) or PSPTO_2287),0,1000
rxn00727_c,Chorismate pyruvate-lyase (amino-accepting),cpd00053_c + cpd00216_c --> cpd00020_c + cpd00023_c + cpd00067_c + cpd00093_c,((PSPTO_0592 and PSPTO_0568) or PSPTO_2287),0,1000
rxn00763_c,Glycerol:NAD+ oxidoreductase,cpd00003_c + cpd00100_c <=> cpd00004_c + cpd00067_c + cpd00448_c,PSPTO_1558,-1000,1000
rxn00783_c,2-dehydro-3-deoxy-D-galactonate-6-phosphate D-glyceraldehyde-3-phosphate-lyase (pyruvate-forming),cpd00945_c <=> cpd00020_c + cpd00102_c,PSPTO_2178,-1000,1000
rxn00790_c,5-phosphoribosylamine:diphosphate phospho-alpha-D-ribosyltransferase (glutamate-amidating),cpd00001_c + cpd00053_c + cpd00103_c --> cpd00012_c + cpd00023_c + cpd00067_c + cpd01982_c,PSPTO_3811,0,1000
rxn00799_c,(S)-malate hydro-lyase (fumarate-forming),cpd00130_c <=> cpd00001_c + cpd00106_c,(PSPTO_4339 or PSPTO_1731 or PSPTO_4461),-1000,1000
rxn00802_c,2-(Nomega-L-arginino)succinate arginine-lyase (fumarate-forming),cpd02152_c <=> cpd00051_c + cpd00106_c,PSPTO_0125,-1000,1000
rxn00806_c,L-Leucine:2-oxoglutarate aminotransferase,cpd00024_c + cpd00107_c <=> cpd00023_c + cpd00200_c,PSPTO_1332,-1000,1000
rxn00838_c,IMP:L-aspartate ligase (GDP-forming),cpd00038_c + cpd00041_c + cpd00114_c --> cpd00009_c + cpd00031_c + 2.0 cpd00067_c + cpd02375_c,PSPTO_4937,0,1000
rxn00851_c,D-alanine:D-alanine ligase (ADP-forming),cpd00002_c + 2.0 cpd00117_c --> cpd00008_c + cpd00009_c + cpd00067_c + cpd00731_c,PSPTO_4406,0,1000
rxn00859_c,L-Histidinol:NAD+ oxidoreductase,cpd00001_c + 2.0 cpd00003_c + cpd00641_c <=> 2.0 cpd00004_c + 3.0 cpd00067_c + cpd00119_c,PSPTO_4438,-1000,1000
rxn00866_c,L-histidine carboxy-lyase (histamine-forming),cpd00067_c + cpd00119_c <=> cpd00011_c + cpd00312_c,Unknown,-1000,1000
rxn00867_c,L-histidine ammonia-lyase (urocanate-forming),cpd00119_c --> cpd00013_c + cpd00581_c,PSPTO_5274,0,1000
rxn00903_c,L-Valine:2-oxoglutarate aminotransferase,cpd00024_c + cpd00156_c <=> cpd00023_c + cpd00123_c,PSPTO_1332,-1000,1000
rxn00927_c,Adenosine ribohydrolase,cpd00001_c + cpd00182_c <=> cpd00105_c + cpd00128_c,PSPTO_2373,-1000,1000
rxn00929_c,L-Proline:NAD+ 5-oxidoreductase,cpd00003_c + cpd00129_c <=> cpd00004_c + 2.0 cpd00067_c + cpd02431_c,PSPTO_5047,-1000,1000
rxn00931_c,L-Proline:NADP+ 5-oxidoreductase,cpd00006_c + cpd00129_c <=> cpd00005_c + 2.0 cpd00067_c + cpd02431_c,PSPTO_5047,-1000,1000
rxn00950_c,Cystathionine L-homocysteine-lyase (deaminating),cpd00001_c + cpd00424_c --> cpd00013_c + cpd00020_c + cpd00135_c,(PSPTO_4265 or PSPTO_0701),0,1000
rxn00966_c,chorismate pyruvate-lyase (4-hydroxybenzoate-forming),cpd00216_c --> cpd00020_c + cpd00136_c,PSPTO_5475,0,1000
rxn00973_c,citrate hydroxymutase,cpd00137_c <=> cpd00260_c,(PSPTO_3752 or PSPTO_2016),-1000,1000
rxn00974_c,citrate hydro-lyase (cis-aconitate-forming),cpd00137_c <=> cpd00001_c + cpd00331_c,(PSPTO_3752 or PSPTO_2016),-1000,1000
rxn01018_c,carbamoyl-phosphate:L-aspartate carbamoyltransferase,cpd00041_c + cpd00146_c --> cpd00009_c + cpd00067_c + cpd00343_c,PSPTO_5040,0,1000
rxn01019_c,Carbamoyl-phosphate:L-ornithine carbamoyltransferase,cpd00064_c + cpd00146_c <=> cpd00009_c + cpd00067_c + cpd00274_c,PSPTO_4164,-1000,1000
rxn01100_c,ATP:3-phospho-D-glycerate 1-phosphotransferase,cpd00002_c + cpd00169_c <=> cpd00008_c + cpd00203_c,PSPTO_0387,-1000,1000
rxn01106_c,"2-Phospho-D-glycerate 2,3-phosphomutase",cpd00482_c <=> cpd00169_c,PSPTO_5327,-1000,1000
rxn01204_c,4-aminobutanoate:2-oxoglutarate aminotransferase,cpd00024_c + cpd00281_c <=> cpd00023_c + cpd00199_c,(PSPTO_0259 or PSPTO_0301),-1000,1000
rxn01257_c,chorismate:L-glutamine aminotransferase,cpd00053_c + cpd00216_c <=> cpd00023_c + cpd08210_c,PSPTO_2282,-1000,1000
rxn01387_c,Isocitrate:NADP+ oxidoreductase,cpd00006_c + cpd00260_c <=> cpd00005_c + cpd00067_c + cpd03187_c,PSPTO_3356,-1000,1000
rxn01388_c,isocitrate hydro-lyase (cis-aconitate-forming),cpd00260_c <=> cpd00001_c + cpd00331_c,(PSPTO_3752 or  (PSPTO_2016 and PSPTO_3752)),-1000,1000
rxn01406_c,S-adenosylmethioninamine:putrescine 3-aminopropyltransferase,cpd00118_c + cpd00837_c --> cpd00067_c + cpd00147_c + cpd00264_c,PSPTO_2055,0,1000
rxn01434_c,L-Citrulline:L-aspartate ligase (AMP-forming),cpd00002_c + cpd00041_c + cpd00274_c <=> cpd00012_c + cpd00018_c + 2.0 cpd00067_c + cpd02152_c,PSPTO_4155,-1000,1000
rxn01456_c,D-galacturonate:NAD+ 1-oxidoreductase,cpd00001_c + cpd00003_c + cpd00280_c --> cpd00004_c + 2.0 cpd00067_c + cpd00652_c,PSPTO_1053,0,1000
rxn01492_c,ATP:D-fructose-1-phosphate 6-phosphotransferase,cpd00002_c + cpd00802_c <=> cpd00008_c + cpd00067_c + cpd00290_c,PSPTO_0955,-1000,1000
rxn01575_c,L-Isoleucine:2-oxoglutarate aminotransferase,cpd00024_c + cpd00322_c <=> cpd00023_c + cpd00508_c,PSPTO_1332,-1000,1000
rxn01603_c,"7,8-dihydropteroate:L-glutamate ligase (ADP-forming)",cpd00002_c + cpd00023_c + cpd00683_c --> cpd00008_c + cpd00009_c + cpd00067_c + cpd00330_c,PSPTO_3814,0,1000
rxn01636_c,N2-Acetyl-L-ornithine:L-glutamate N-acetyltransferase,cpd00023_c + cpd00342_c <=> cpd00064_c + cpd00477_c,PSPTO_4399,-1000,1000
rxn01637_c,N2-Acetyl-L-ornithine:2-oxoglutarate aminotransferase,cpd00024_c + cpd00342_c <=> cpd00023_c + cpd00918_c,PSPTO_2618,-1000,1000
rxn01639_c,N-Formimino-L-glutamate formiminohydrolase,cpd00023_c + cpd00378_c --> cpd00001_c + cpd00344_c,PSPTO_5728,0,1000
rxn01640_c,N-Formimino-L-glutamate iminohydrolase,cpd00001_c + cpd00344_c <=> cpd00013_c + cpd00770_c,PSPTO_5171,-1000,1000
rxn01642_c,4-imidazolone-5-propanoate amidohydrolase,cpd00001_c + cpd00067_c + cpd02311_c --> cpd00344_c,PSPTO_5277,0,1000
rxn01851_c,4-aminobutanal:NAD+ 1-oxidoreductase,cpd00001_c + cpd00003_c + cpd00434_c --> cpd00004_c + 2.0 cpd00067_c + cpd00281_c,PSPTO_0092,0,1000
rxn01917_c,ATP:N-acetyl-L-glutamate 5-phosphotransferase,cpd00002_c + cpd00477_c <=> cpd00008_c + cpd02552_c,PSPTO_0082,-1000,1000
rxn02005_c,trehalose transport via PEP:Pyr PTS,cpd00061_c + cpd00794_e <=> cpd00020_c + cpd00523_c,(Unknown and PSPTO_0954 and Unknown and Unknown),-1000,1000
rxn02056_c,S-Adenosyl-L-methionine:uroporphyrin-III C-methyltransferase,2.0 cpd00067_c + cpd00557_c --> cpd03426_c + cpd10515_c,PSPTO_3344,0,1000
rxn02177_c,Isochorismate pyruvate-hydrolase,cpd00001_c + cpd00658_c --> cpd00020_c + cpd02566_c,(PSPTO_1354 or PSPTO_1356 or PSPTO_1859 or PSPTO_2039 or PSPTO_2981),0,1000
rxn02185_c,2-Acetolactate pyruvate-lyase (carboxylating),cpd00056_c + cpd00668_c <=> cpd00020_c + cpd03049_c,(PSPTO_0981 and PSPTO_0982),-1000,1000
rxn02229_c,3-Mercaptopyruvate:cyanide sulfurtransferase,cpd00081_c + cpd00706_c <=> cpd00020_c + cpd00268_c,PSPTO_0420,-1000,1000
rxn02230_c,3-mercaptopyruvate:cyanide sulfurtransferase,cpd00150_c + cpd00706_c <=> cpd00020_c + cpd00067_c + cpd01211_c,PSPTO_0420,-1000,1000
rxn02264_c,Hydroxymethylbilane hydro-lyase(cyclizing),cpd00755_c <=> cpd00001_c + cpd00774_c,PSPTO_0129,-1000,1000
rxn02286_c,UDP-N-acetylmuramate:L-alanine ligase (ADP-forming),cpd00002_c + cpd00035_c + cpd00773_c --> cpd00008_c + cpd00009_c + cpd00067_c + cpd00890_c,PSPTO_4407,0,1000
rxn02288_c,Uroporphyrinogen-III carboxy-lyase,4.0 cpd00067_c + cpd00774_c <=> 4.0 cpd00011_c + cpd02083_c,PSPTO_5118,-1000,1000
rxn02297_c,6-Carboxyhexanoyl-CoA:L-alanine C-carboxyhexanoyltransferase (decarboxylating),cpd00035_c + cpd00067_c + cpd00782_c --> cpd00010_c + cpd00011_c + cpd00800_c,PSPTO_0495,0,1000
rxn02303_c,Coproporphyrinogen:oxygen oxidoreductase(decarboxylating),cpd00007_c + 2.0 cpd00067_c + cpd02083_c <=> 2.0 cpd00001_c + 2.0 cpd00011_c + cpd00791_c,PSPTO_0170,-1000,1000
rxn02373_c,L-glutamate-5-semialdehyde:NADP+ 5-oxidoreductase (phosphorylating),cpd00005_c + cpd00067_c + cpd02097_c <=> cpd00006_c + cpd00009_c + cpd00858_c,PSPTO_4829,-1000,1000
rxn02374_c,R03314,cpd00858_c <=> cpd00001_c + cpd00067_c + cpd02431_c,PSPTO_4829,-1000,1000
rxn02774_c,S-Adenosyl-L-methionine:uroporphyrin-III C-methyltransferase,cpd00003_c + cpd01620_c --> cpd00004_c + 2.0 cpd00067_c + cpd03426_c,PSPTO_3344,0,1000
rxn02791_c,(5-Glutamyl)-peptide:amino-acid 5-glutamyltransferase,cpd00023_c + cpd01651_c <=> cpd00001_c + cpd03407_c,PSPTO_0787,-1000,1000
rxn02914_c,3-Phosphoserine:2-oxoglutarate aminotransferase,cpd00024_c + cpd00738_c <=> cpd00023_c + cpd02069_c,PSPTO_1746,-1000,1000
rxn02925_c,L-Alanine:3-oxopropanoate aminotransferase,cpd00035_c + cpd00287_c <=> cpd00020_c + cpd02096_c,PSPTO_0774,-1000,1000
rxn02944_c,N2-succinyl-L-ornithine:2-oxoglutarate 5-aminotransferase,cpd00024_c + cpd02160_c <=> cpd00023_c + cpd03526_c,PSPTO_1832,-1000,1000
rxn03084_c,5'-Phosphoribosylformylglycinamide:L-glutamine amido-ligase (ADP-forming),cpd00001_c + cpd00002_c + cpd00053_c + cpd02678_c --> cpd00008_c + cpd00009_c + cpd00023_c + cpd00067_c + cpd02826_c,PSPTO_1459,0,1000
rxn03094_c,Glycodeoxycholate amidohydrolase,cpd00001_c + cpd03245_c <=> cpd00033_c + cpd02733_c,PSPTO_0338 or PSPTO_5528 or PSPTO_4945,-1000,1000
rxn03135_c,R04558,cpd00053_c + cpd02991_c --> cpd00023_c + 2.0 cpd00067_c + cpd02843_c + cpd02851_c,PSPTO_5335,0,1000
rxn03147_c,1-(5-Phosphoribosyl)-5-amino-4-carboxyimidazole:L-aspartate ligase (ADP-forming),cpd00002_c + cpd00041_c + cpd02893_c --> cpd00008_c + cpd00009_c + cpd00067_c + cpd02921_c,PSPTO_3950,0,1000
rxn03384_c,Uroporphyrinogen I carboxy-lyase,4.0 cpd00067_c + cpd03414_c <=> 4.0 cpd00011_c + cpd03416_c,PSPTO_5118,-1000,1000
rxn03422_c,N-succinyl-L-glutamate 5-semialdehyde:NAD+ oxidoreductase,cpd00001_c + cpd00003_c + cpd03526_c --> cpd00004_c + 2.0 cpd00067_c + cpd03525_c,PSPTO_1835,0,1000
rxn03445_c,O-Phospho-4-hydroxy-L-threonine:2-oxoglutarate aminotransferase,cpd00024_c + cpd03607_c <=> cpd00023_c + cpd03606_c,PSPTO_1746,-1000,1000
rxn03540_c,R05225,4.0 cpd00001_c + 4.0 cpd00002_c + 4.0 cpd00053_c + cpd03916_c --> 4.0 cpd00008_c + 4.0 cpd00009_c + 4.0 cpd00023_c + 4.0 cpd00067_c + cpd03917_c,PSPTO_1713,0,1000
rxn03841_c,4-amino-4-deoxychorismate pyruvate-lyase,cpd08210_c --> cpd00020_c + cpd00067_c + cpd00443_c,PSPTO_3829,0,1000
rxn03884_c,2-dehydro-3-deoxy-D-gluconate-6-phosphate D-glyceraldehyde-3-phosphate-lyase,cpd02711_c <=> cpd00020_c + cpd00102_c,PSPTO_1302,-1000,1000
rxn03887_c,galactarate hydro-lyase (5-dehydro-4-deoxy-D-glucarate-forming),cpd00652_c --> cpd00001_c + cpd00515_c,PSPTO_4547,0,1000
rxn03909_c,1-Deoxy-D-xylulose-5-phosphate pyruvate-lyase (carboxylating),cpd00020_c + cpd00067_c + cpd00102_c --> cpd00011_c + cpd08289_c,PSPTO_0698,0,1000
rxn04068_c,Glycocholate amidohydrolase,cpd00001_c + cpd01318_c <=> cpd00033_c + cpd00526_c,PSPTO_0338 or PSPTO_5528 or PSPTO_4945,-1000,1000
rxn04704_c,coproporphyrinogen-III:S-adenosyl-L-methionine oxidoreductase(decarboxylating),2.0 cpd00017_c + cpd02083_c <=> 2.0 cpd00011_c + 2.0 cpd00060_c + cpd00791_c + 2.0 cpd03091_c,PSPTO_1993,-1000,1000
rxn04732_c,R06923,cpd00001_c + cpd09798_c <=> cpd00020_c + cpd09799_c,Unknown,-1000,1000
rxn05005_c,S-adenosyl-L-methionine:uroporphyrinogen-III C-methyltransferase,cpd00017_c + cpd00774_c <=> cpd00019_c + cpd00067_c + cpd11206_c,PSPTO_2300,-1000,1000
rxn05006_c,S-adenosyl-L-methionine:precorrin-1 C-methyltransferase,cpd00017_c + cpd11206_c <=> cpd00019_c + cpd01620_c,PSPTO_3344,-1000,1000
rxn05155_c,ATP phosphohydrolase (polar-amino-acid-importing),cpd00001_c + cpd00002_c + cpd00053_e --> cpd00008_c + cpd00009_c + cpd00053_c + cpd00067_c,PSPTO_3009,0,1000
rxn05164_c,ATP phosphohydrolase (polar-amino-acid-importing),cpd00001_c + cpd00002_c + cpd00119_e --> cpd00008_c + cpd00009_c + cpd00067_c + cpd00119_c,((PSPTO_5358 and PSPTO_5359) and (PSPTO_5360 and PSPTO_5357)),0,1000
rxn05221_c,Na+/Proline-L symporter,cpd00129_e + cpd00971_e <=> cpd00129_c + cpd00971_c,PSPTO_5016,-1000,1000
rxn05226_c,D-glucose transport via PEP:Pyr PTS,cpd00027_e + cpd00061_c <=> cpd00020_c + cpd00079_c,PSPTO_0954,-1000,1000
rxn05485_c,N-Acetyl-D-glucosamine transport via PEP:Pyr PTS,cpd00061_c + cpd00122_e <=> cpd00020_c + cpd00293_c,(PSPTO_0954 and Unknown),-1000,1000
rxn05557_c,iron (III) dicitrate transport via ABC system,cpd00001_c + cpd00002_c + 2.0 cpd00137_e + cpd10516_e --> cpd00008_c + cpd00009_c + cpd00067_c + 2.0 cpd00137_c + cpd10516_c,PSPTO_1207,0,1000
rxn05560_c,D-fructose transport via PEP:Pyr PTS,cpd00061_c + cpd00082_e <=> cpd00020_c + cpd00802_c,(PSPTO_0954 and PSPTO_0956),-1000,1000
rxn05564_c,Proline-specific permease,cpd00067_e + cpd00281_e <=> cpd00067_c + cpd00281_c,PSPTO_5356,-1000,1000
rxn05574_c,"D-glucuronate transport via proton symport, reversible",cpd00067_e + cpd00164_e <=> cpd00067_c + cpd00164_c,PSPTO_2345,-1000,1000
rxn05581_c,RXN0-1683.ce.maizeexp.GLYCEROL_GLYCEROL,cpd00100_c <=> cpd00100_e,PSPTO_4167,-1000,1000
rxn05605_c,Maltose permease MAL31,cpd00067_e + cpd00130_e <=> cpd00067_c + cpd00130_c,(PSPTO_4063 or PSPTO_1682),-1000,1000
rxn05607_c,maltose transport via PEP:Pyr PTS,cpd00061_c + cpd00179_e <=> cpd00020_c + cpd01919_c,PSPTO_0890,-1000,1000
rxn05610_c,D-mannose transport via PEP:Pyr PTS,cpd00061_c + cpd00138_e <=> cpd00020_c + cpd00235_c,(Unknown and Unknown and PSPTO_0954 and Unknown and Unknown),-1000,1000
rxn05617_c,mannitol transport via PEP:Pyr PTS,cpd00061_c + cpd00314_e <=> cpd00020_c + cpd00491_c,(Unknown and PSPTO_0954 and Unknown and Unknown and Unknown),-1000,1000
rxn05655_c,sucrose transport via PEP:Pyr PTS,cpd00061_c + cpd00076_e <=> cpd00020_c + cpd01693_c,PSPTO_0890,-1000,1000
rxn07449_c,3-sulfolactate bisulfite-lyase,cpd14790_c <=> cpd00020_c + cpd00081_c,PSPTO_4547,-1000,1000
rxn08669_c,Glycerophosphodiester phosphodiesterase,cpd00001_c + cpd02090_c --> cpd00067_c + cpd00080_c + cpd00100_c,PSPTO_3461,0,1000
rxn08901_c,Malate dehydrogenase (menaquinone 8 as acceptor),cpd00130_c + cpd15500_c --> cpd00032_c + cpd15499_c,PSPTO_1136,0,1000
rxn08900_c,FAD-dependent malate dehydrogenase,cpd00130_c + cpd15560_c --> cpd00032_c + cpd15561_c,PSPTO_1136,0,1000
rxn10626_c,"2-succinyl-6-hydroxy-2,4-cyclohexadiene-1-carboxylate synthase",cpd00199_c + cpd00658_c --> cpd00020_c + cpd03451_c,PSPTO_2595,0,1000
rxn03253_c,acyl-CoA dehydrogenase (decanoyl-CoA),cpd00015_c + cpd03128_c --> cpd00982_c + cpd03129_c,PSPTO_0500,0.0,1000.0
rxn03251_c,acyl-CoA dehydrogenase (hexanoyl-CoA),cpd00015_c + cpd03124_c --> cpd00982_c + cpd03125_c,PSPTO_3706,0.0,1000.0
rxn02122_c,D-GlucuronolactoneNAD+ oxidoreductase,2.0 cpd00001_c + cpd00003_c + cpd01735_c <=> cpd00004_c + 3.0 cpd00067_c + cpd00609_c,PSPTO_0092,-1000.0,1000.0
rxn00501_c,methylmalonate-semialdehyde dehydrogenase (malonic semialdehyde),cpd00003_c + cpd00010_c + cpd00191_c <=> cpd00004_c + cpd00011_c + cpd00022_c,PSPTO_0775 or PSPTO_0782,-1000.0,1000.0
rxn00623_c,sulfite reductase (NADPH2),3.0 cpd00001_c + 3.0 cpd00006_c + cpd00239_c <=> 3.0 cpd00005_c + 4.0 cpd00067_c + cpd00081_c,PSPTO_4877,-1000.0,1000.0
rxn00506_c,"aldehyde dehydrogenase (acetaldehyde, NAD)",cpd00001_c + cpd00003_c + cpd00071_c --> cpd00004_c + cpd00029_c + 2.0 cpd00067_c,PSPTO_0728,0.0,1000.0
rxn00248_c,malate dehydrogenase,cpd00003_c + cpd00130_c <=> cpd00004_c + cpd00032_c + cpd00067_c,PSPTO_2359,-1000.0,1000.0
rxn02866_c,isovaleryl-coA dehydrogenase,cpd00015_c + cpd01882_c --> cpd00982_c + cpd01966_c,PSPTO_2739,0.0,1000.0
rxn05339_c,(3R)-3-Hydroxybutanoyl-[acyl-carrier protein]:NADP+ oxidoreductase,cpd00006_c + cpd11478_c <=> cpd00005_c + cpd00067_c + cpd11488_c,PSPTO_3832,-1000.0,1000.0
rxn00083_c,NAD transhydrogenase (soluble),cpd00003_c + cpd00005_c <=> cpd00004_c + cpd00006_c,PSPTO_2106,-1000.0,1000.0
rxn00781_c,glyceraldehyde-3-phosphate dehydrogenase (NAD),cpd00003_c + cpd00009_c + cpd00102_c <=> cpd00004_c + cpd00203_c,PSPTO_1287,-1000.0,1000.0
rxn05289_c,thioredoxin reductase (NADPH),cpd00005_c + cpd00067_c + cpd11420_c <=> cpd00006_c + cpd11421_c,PSPTO_1178,-1000.0,1000.0
rxn02842_c,2-deoxy-D-gluconate 3-dehydrogenase,cpd00003_c + cpd01795_c <=> cpd00004_c + cpd00067_c + cpd02441_c,PSPTO_0766,-1000.0,1000.0
rxn13909_c,"2,4-dienoyl-CoA reductase (C8)",cpd00005_c + cpd00067_c + cpd17091_c <=> cpd00006_c + cpd17090_c,PSPTO_3803,-1000.0,1000.0
rxn00211_c,UDPglucose 6-dehydrogenase,cpd00001_c + 2.0 cpd00003_c + cpd00026_c <=> 2.0 cpd00004_c + 3.0 cpd00067_c + cpd00144_c,PSPTO_2891 or PSPTO_1243,-1000.0,1000.0
rxn01053_c,lactaldehyde dehydrogenase,cpd00001_c + cpd00003_c + cpd00334_c <=> cpd00004_c + 2.0 cpd00067_c + cpd00159_c,PSPTO_1558,-1000.0,1000.0
rxn01867_c,betaine-aldehyde dehydrogenase,cpd00001_c + cpd00003_c + cpd00447_c --> cpd00004_c + 2.0 cpd00067_c + cpd00540_c,PSPTO_3064,0.0,1000.0
rxn08975_c,NADH dehydrogenase (ubiquinone-8 ),cpd00004_c + cpd00067_c + cpd15560_c --> cpd00003_c + cpd15561_c,PSPTO_0917,0.0,1000.0
rxn10062_c,choline dehydrogenase (FAD-dependent),cpd00015_c + cpd00098_c <=> cpd00447_c + cpd00982_c,PSPTO_0443,-1000.0,1000.0
rxn13898_c,quinone oxidoreductase,cpd00005_c + cpd11669_c <=> cpd00006_c + cpd17097_c,PSPTO_0173,-1000.0,1000.0
rxn00962_c,4-hydroxybenzoate 3-monooxygenase,cpd00005_c + cpd00007_c + cpd00067_c + cpd00136_c --> cpd00001_c + cpd00006_c + cpd00197_c,PSPTO_1907,0.0,1000.0
rxn01802_c,glutaryl-CoA dehydrogenase,cpd00015_c + cpd00067_c + cpd00413_c <=> cpd00011_c + cpd00650_c + cpd00982_c,PSPTO_5461,-1000.0,1000.0
rxn02465_c,N-acetyl-g-glutamyl-phosphate reductase,cpd00006_c + cpd00009_c + cpd00918_c --> cpd00005_c + cpd02552_c,PSPTO_0604,0.0,1000.0
rxn02939_c,Erythronate 4-phosphate (4per) dehydrogenase,cpd00003_c + cpd02147_c <=> cpd00004_c + cpd00067_c + cpd03606_c,PSPTO_2019,-1000.0,1000.0
rxn13682_c,Oxygen Independent coproporphyrinogen-III oxidase,2.0 cpd00005_c + 2.0 cpd00017_c + cpd02083_c + 2.0 cpd17016_c --> 2.0 cpd00006_c + 2.0 cpd00011_c + 2.0 cpd00060_c + 2.0 cpd00067_c + cpd00791_c + 2.0 cpd03091_c + 2.0 cpd17017_c,PSPTO_1993,0.0,1000.0
rxn01241_c,pyruvate dehydrogenase (dihydrolipoamide dehydrogenase),cpd00003_c + cpd00449_c <=> cpd00004_c + cpd00067_c + cpd00213_c,PSPTO_2201,-1000.0,1000.0
rxn00086_c,glutathione-disulfide reductase,cpd00006_c + 2.0 cpd00042_c <=> cpd00005_c + cpd00067_c + cpd00111_c,PSPTO_4254,-1000.0,1000.0
rxn13834_c,glucose 1-dehydrogenase (NADP) extracellular,cpd00006_c + cpd00027_e --> cpd00005_c + cpd00067_c + cpd00170_e,PSPTO_4196,0.0,0.0
rxn02285_c,UDP-N-acetylenolpyruvoylglucosamine reductase,cpd00006_c + cpd00773_c <=> cpd00005_c + cpd00067_c + cpd02820_c,PSPTO_3842,-1000.0,1000.0
rxn03958_c,1-deoxy-D-xylulose 5-phosphate reductoisomerase,cpd00006_c + cpd08286_c <=> cpd00005_c + cpd00067_c + cpd08289_c,PSPTO_1540,-1000.0,1000.0
rxn01302_c,homoserine dehydrogenase (NADPH),cpd00006_c + cpd00227_c <=> cpd00005_c + cpd00067_c + cpd00346_c,PSPTO_1480,-1000.0,1000.0
rxn00834_c,IMP dehydrogenase,cpd00001_c + cpd00003_c + cpd00114_c <=> cpd00004_c + cpd00067_c + cpd00497_c,PSPTO_1449,-1000.0,1000.0
rxn05293_c,4-hydroxy-3-methylbut-2-en-1-yl diphosphate synthase,cpd00004_c + cpd00067_c + cpd08301_c --> cpd00001_c + cpd00003_c + cpd08615_c,PSPTO_1434,0.0,1000.0
rJB00279_c,gluconate 2-dehydrogenase,cpd00004_c + cpd00067_c + cpd00480_e <=> cpd00003_c + cpd00222_e,PSPTO_1215,-1000.0,1000.0
rxn00105_c,nicotinamide-nucleotide adenylyltransferase,cpd00002_c + cpd00355_c <=> cpd00003_c + cpd00012_c,PSPTO_4828,-1000.0,1000.0
rxn02474_c,5-amino-6-(5-phosphoribosylamino)uracil reductase,cpd00006_c + cpd02720_c <=> cpd00005_c + cpd00067_c + cpd00931_c,PSPTO_0690,-1000.0,1000.0
rxn01790_c,2-dehydropantoate 2-reductase,cpd00006_c + cpd00408_c <=> cpd00005_c + cpd00067_c + cpd00712_c,PSPTO_4394,-1000.0,1000.0
rxn08352_c,4-hydroxy-3-methylbut-2-enyl diphosphate reductase,cpd00004_c + cpd00067_c + cpd08615_c --> cpd00001_c + cpd00003_c + cpd00202_c,PSPTO_0809,0.0,1000.0
rxn06591_c,glutamyl-tRNA reductase,cpd00005_c + cpd00067_c + cpd12227_c <=> cpd00006_c + cpd02345_c + cpd11912_c,PSPTO_1108,-1000.0,1000.0
rxn02186_c,acetohydroxy acid isomeroreductase,cpd00005_c + cpd00067_c + cpd00668_c <=> cpd00006_c + cpd02498_c,PSPTO_0983,-1000.0,1000.0
rxn02929_c,dihydrodipicolinate reductase (NADPH),cpd00006_c + cpd02465_c <=> cpd00005_c + cpd00067_c + cpd02120_c,PSPTO_4503,-1000.0,1000.0
rxn00190_c,NAD synthase,cpd00001_c + cpd00002_c + cpd00053_c + cpd00638_c --> cpd00003_c + cpd00012_c + cpd00018_c + cpd00023_c,PSPTO_4922,0.0,1000.0
rxn02003_c,dTDP-4-dehydrorhamnose reductase,cpd00006_c + cpd02113_c <=> cpd00005_c + cpd00067_c + cpd00522_c,PSPTO_1080,-1000.0,1000.0
rxn08291_c,D-Amino acid dehydrogenase,cpd00001_c + cpd00015_c + cpd00117_c --> cpd00013_c + cpd00020_c + cpd00982_c,PSPTO_0101,0.0,1000.0
rxn05570_c,gamma-butyrobetaine transport in via ABC system,cpd00001_c + cpd00002_c + cpd00870_e --> cpd00008_c + cpd00009_c + cpd00067_c + cpd00870_c,(PSPTO_4575 and PSPTO_0463 and PSPTO_4577) or (PSPTO_4575 and PSPTO_0463 and PSPTO_4577 and PSPTO_4578),0.0,1000.0
rxn08087_c,1-hexadec-7-enoyl-sn-glycerol 3-phosphate O-acyltransferase (n-C161),cpd15239_c + cpd15326_c --> cpd11493_c + cpd15525_c,PSPTO_0187 or PSPTO_4354,0.0,1000.0
rxn05603_c,D-malate transport in via proton symport,cpd00067_e + cpd00386_e <=> cpd00067_c + cpd00386_c,PSPTO_1682,-1000.0,1000.0
rxn02831_c,o-succinylbenzoate-CoA ligase,cpd00002_c + cpd00010_c + cpd00067_c + cpd01772_c --> cpd00012_c + cpd00018_c + cpd02021_c,PSPTO_4097 or PSPTO_4098,0.0,1000.0
rxn13892_c,phosphonate transport via ABC system,cpd00001_c + cpd00002_c + cpd04099_e --> cpd00008_c + cpd00009_c + cpd00067_c + cpd04099_c,PSPTO_2563 and PSPTO_2564,0.0,1000.0
rxn10221_c,anteisoheptadecanoyl-phosphatidate cytidylyltransferase,cpd00052_c + cpd15678_c <=> cpd00012_c + cpd15684_c,PSPTO_1539,-1000.0,1000.0
rxn10481_c,Copper transport via ABC system,cpd00001_c + cpd00002_c + cpd00058_e --> cpd00008_c + cpd00009_c + cpd00058_c + cpd00067_c,PSPTO_5279 or PSPTO_0750,0.0,1000.0
rxn00986_c,PropanoateCoA ligase (AMP-forming),cpd00012_c + cpd03560_c --> cpd00002_c + cpd00067_c + cpd00141_c,PSPTO_1825,0.0,0.0
rxn05206_c,Potassium uptake,cpd00205_e <=> cpd00205_c,PSPTO_0676 or PSPTO_1852 or PSPTO_5023,-1000.0,1000.0
rxn02160_c,histidinol-phosphatase,cpd00001_c + cpd00807_c --> cpd00009_c + cpd00067_c + cpd00641_c,PSPTO_0186 or PSPTO_2215,0.0,1000.0
rxn13872_c,Pseudomonas Lipid A Reaction,cpd11468_c + cpd17046_c + cpd17068_c <=> 2.0 cpd11493_c + cpd17066_c,PSPTO_0182,-1000.0,1000.0
rxn01192_c,"Protocatechuate 3,4-dioxygenase",cpd00007_c + cpd00197_c --> 2.0 cpd00067_c + cpd00856_c,PSPTO_2339 and PSPTO_2338,0.0,1000.0
rxn02483_c,4-carboxymuconolactone decarboxylase,cpd00067_c + cpd00938_c --> cpd00011_c + cpd02255_c,PSPTO_4478,0.0,1000.0
rxn03393_c,3-octaprenyl-4-hydroxybenzoate carboxy-lyase,cpd00067_c + cpd03443_c --> cpd00011_c + cpd03444_c,PSPTO_5241,0.0,1000.0
rxn05237_c,L-cysteine transport via ABC system,cpd00001_c + cpd00002_c + cpd00084_e --> cpd00008_c + cpd00009_c + cpd00067_c + cpd00084_c,PSPTO_5181 and PSPTO_3008,0.0,1000.0
rxn05312_c,phosphate transport in/out via proton symporter,cpd00009_e + cpd00067_e <=> cpd00009_c + cpd00067_c,PSPTO_3702 or PSPTO_4312,-1000.0,1000.0
rxn02287_c,uroporphyrinogen methyltransferase,2.0 cpd00017_c + cpd00774_c <=> 2.0 cpd00019_c + 2.0 cpd00067_c + cpd01620_c,PSPTO_2300 or PSPTO_0130,-1000.0,1000.0
rxn04092_c,D-amino acid oxidase,cpd00001_c + cpd00007_c + cpd00117_c --> cpd00013_c + cpd00020_c + cpd00025_c,PSPTO_1639 or PSPTOA0036,0.0,1000.0
rxn02503_c,2-amino-4-hydroxy-6-hydroxymethyldihydropteridine diphosphokinase,cpd00002_c + cpd00954_c <=> cpd00018_c + cpd02920_c,PSPTO_0543 or PSPTO_0962,-1000.0,1000.0
rxn00225_c,acetate kinase,cpd00002_c + cpd00029_c + cpd00067_c <=> cpd00008_c + cpd00196_c,PSPTO_1669 or PSPTO_1669,-1000.0,1000.0
rxn03004_c,"phosphoribosylglycinamide formyltransferase, irreversible",cpd00201_c + cpd02394_c --> cpd00067_c + cpd00087_c + cpd02678_c,PSPTO_1699,0.0,1000.0
rxn01644_c,dihydrodipicolinate synthase,cpd00020_c + cpd00346_c --> 2.0 cpd00001_c + cpd00067_c + cpd02120_c,PSPTO_3953,0.0,1000.0
rxn01352_c,dGTPase,cpd00001_c + cpd00241_c <=> cpd00067_c + cpd00277_c + cpd00421_c,PSPTO_2331,-1000.0,1000.0
rxn05231_c,ribonucleoside-diphosphate reductase (ADP),cpd00008_c + cpd11421_c --> cpd00001_c + cpd00177_c + cpd11420_c,PSPTO_1671 and PSPTO_1661,0.0,1000.0
rxn08861_c,Malonyl-ACP decarboxylase,cpd00067_c + cpd11492_c --> cpd00011_c + cpd11494_c,PSPTO_3830,0.0,1000.0
rxn01225_c,guanine deaminase,cpd00001_c + cpd00067_c + cpd00207_c --> cpd00013_c + cpd00309_c,PSPTO_3663,0.0,1000.0
rxn13842_c,H+/K+-exchanging ATPase,cpd00001_c + cpd00002_c + cpd00067_c + cpd00205_e <=> cpd00008_c + cpd00009_c + 2.0 cpd00067_e + cpd00205_c,PSPTO_2244 or PSPTO_2242,-1000.0,1000.0
rxn02276_c,maleylacetoacetate isomerase,cpd00763_c <=> cpd00780_c,PSPTO_2032,-1000.0,1000.0
rxn01332_c,3-deoxy-D-arabino-heptulosonate 7-phosphate synthetase,cpd00001_c + cpd00061_c + cpd00236_c --> cpd00009_c + cpd00067_c + cpd02857_c,PSPTO_2275,0.0,1000.0
rxn00649_c,cysteine synthase,cpd00239_c + cpd00722_c --> cpd00029_c + cpd00067_c + cpd00084_c,PSPTO_3902,0.0,1000.0
rxn13847_c,Threonine dehydrogenase,cpd00010_c + cpd00161_c <=> cpd00022_c + cpd00033_c + cpd11640_c,PSPTO_1875,-1000.0,1000.0
rxn00342_c,L-asparaginase,cpd00001_c + cpd00132_c --> cpd00013_c + cpd00041_c,PSPTO_5501,0.0,1000.0
rxn13853_c,D-mannitol transport via ABC system,cpd00001_c + cpd00002_c + cpd00314_e --> cpd00008_c + cpd00009_c + cpd00067_c + cpd00314_c,PSPTO_0364 and PSPTO_2706 and PSPTO_2705 and PSPTO_0886,0.0,1000.0
rxn05614_c,L-methionine R-oxide transport via ABC system,cpd00001_c + cpd00002_c + cpd11576_e --> cpd00008_c + cpd00009_c + cpd00067_c + cpd11576_c,PSPTO_5189 and PSPTO_5188 and PSPTO_5187,0.0,1000.0
rxn06377_c,glycine dehydrogenase,cpd00033_c + cpd00067_c + cpd12005_c <=> cpd00011_c + cpd11830_c,PSPTO_1276,-1000.0,1000.0
rPY00172_c,Phosphatidylglycerol synthase (n-C16:0 16:1),cPY00121_c + cpd00080_c --> cPY00130_c + cpd00046_c + cpd00067_c,PSPTO_5536 or PSPTO_3022,0.0,1000.0
rxn00214_c,UDPglucose 4-epimerase,cpd00026_c <=> cpd00043_c,PSPTO_1756 or PSPTO_2900 or PSPTO_0678,-1000.0,1000.0
rxn13913_c,UDP-N-acetyl-mannosamine (2NAc3N) acid acetylase,cpd11494_c + cpd17094_c <=> cpd11493_c + cpd17095_c,PSPTO_1070,-1000.0,1000.0
rxn00980_c,phosphoglycolate phosphatase,cpd00001_c + cpd00727_c --> cpd00009_c + cpd00067_c + cpd00139_c,PSPTO_4659,0.0,1000.0
rxn00299_c,GTP cyclohydrolase I,cpd00001_c + cpd00038_c --> cpd00047_c + cpd00067_c + cpd02978_c,PSPTO_1182 or PSPTO_2035,0.0,1000.0
rxn05215_c,probable AGCS sodium/alanine/glycine symporter,cpd00035_e + cpd00971_e <=> cpd00035_c + cpd00971_c,PSPTO_5500,-1000.0,1000.0
rxn05209_c,sodium transport in/out via proton antiport (one H+),cpd00067_c + cpd00971_e <=> cpd00067_e + cpd00971_c,PSPTO_0366,-1000.0,1000.0
rxn05172_c,taurine transport via ABC system,cpd00001_c + cpd00002_c + cpd00210_e --> cpd00008_c + cpd00009_c + cpd00067_c + cpd00210_c,PSPTO_5319 and PSPTO_5320 and PSPTO_5321,0.0,1000.0
rxn06280_c,Tyrosyl-tRNA synthetase,cpd00002_c + cpd00067_c + cpd00069_c + cpd11751_c --> cpd00012_c + cpd00018_c + cpd12194_c,PSPTO_0609,0.0,1000.0
rxn00006_c,catalase,2.0 cpd00025_c --> 2.0 cpd00001_c + cpd00007_c,PSPTO_3582,0.0,0.0
rxn00691_c,formyltetrahydrofolate deformylase,cpd00001_c + cpd00201_c --> cpd00047_c + cpd00067_c + cpd00087_c,PSPTO_4314,0.0,1000.0
rxn00206_c,superoxide dismutase,2.0 cpd00532_c --> cpd00007_c + cpd00025_c,PSPTO_4363 or PSPTO_4459,0.0,1000.0
rxn02305_c,thiamine-phosphate diphosphorylase,cpd00067_c + cpd02654_c + cpd02894_c <=> cpd00012_c + cpd00793_c,PSPTO_4397,-1000.0,1000.0
rxn00711_c,uracil phosphoribosyltransferase,cpd00092_c + cpd00103_c --> cpd00012_c + cpd00091_c,PSPTO_5039,0.0,1000.0
rxn00776_c,yUMP synthetase,cpd00092_c + cpd00101_c --> cpd00001_c + cpd00859_c,PSPTO_3840 or PSPTO_3817,0.0,1000.0
rxn02213_c,3-dehydroquinate dehydratase,cpd00699_c --> cpd00001_c + cpd01716_c,PSPTO_4859,0.0,1000.0
rxn00101_c,urease,cpd00001_c + 2.0 cpd00067_c + cpd00073_c --> cpd00011_c + 2.0 cpd00013_c,PSPTO_4895 or (PSPTO_4891 and PSPTO_4894),0.0,1000.0
rxn13859_c,NAPRTase,cpd00067_c + cpd00103_c + cpd08325_c --> cpd00012_c + cpd00873_c,PSPTO_4921,0.0,1000.0
rxn06439_c,Histidyl-tRNA synthetase,cpd00002_c + cpd00067_c + cpd00119_c + cpd11914_c --> cpd00012_c + cpd00018_c + cpd12228_c,PSPTO_1435,0.0,1000.0
rxn13107_c,2-Nonaprenylphenol hydroxylase,cpd00007_c + 2.0 cpd00067_c + cpd16768_c <=> cpd00001_c + cpd16765_c,PSPTO_5152,-1000.0,1000.0
rxn05466_c,ammonium transport via diffusion,cpd00013_e <=> cpd00013_c,PSPTO_0218,-1000.0,1000.0
rxn08103_c,alanine transaminase,cpd00016_c + cpd00035_c <=> cpd00020_c + cpd00493_c,PSPTO_4632,-1000.0,1000.0
rxn02938_c,phosphoribosylaminoimidazole carboxylase,cpd00067_c + cpd02893_c --> cpd00011_c + cpd02140_c,PSPTO_5494,0.0,1000.0
rxn00162_c,oxaloacetate decarboxylase;,cpd00032_c + cpd00067_c --> cpd00011_c + cpd00020_c,PSPTO_5510 and PSPTO_5511,0.0,1000.0
rxn00640_c,mannose-1-phosphate guanylyltransferase (GDP) reversible,cpd00031_c + cpd00485_c <=> cpd00009_c + cpd00067_c + cpd00083_c,PSPTO_1232,-1000.0,1000.0
rxn05183_c,D-methionine transport via ABC system,cpd00001_c + cpd00002_c + cpd00637_e --> cpd00008_c + cpd00009_c + cpd00067_c + cpd00637_c,PSPTO_5260 and PSPTO_5261 and PSPTO_5262,0.0,1000.0
rxn02369_c,"3-carboxy-cis,cis-muconate cycloisomerase",cpd00938_c <=> cpd00067_c + cpd00856_c,PSPTO_2341,-1000.0,1000.0
rxn05673_c,galacturonate transport in via proton symport,cpd00067_e + cpd00280_e --> cpd00067_c + cpd00280_c,PSPTO_2345,0.0,1000.0
rxn01029_c,agmatine deiminase,cpd00001_c + cpd00152_c --> cpd00013_c + cpd00341_c,PSPTO_5393,0.0,1000.0
rxn00853_c,N-carbamoylputrescine amidohydrolase,cpd00001_c + 2.0 cpd00067_c + cpd00341_c --> cpd00011_c + cpd00013_c + cpd00118_c,PSPTO_5394,0.0,1000.0
rxn00777_c,ribose-5-phosphate isomerase,cpd00101_c <=> cpd00171_c,PSPTO_5289,-1000.0,1000.0
rxn00898_c,"dihydroxy-acid dehydratase (2,3-dihydroxy-3-methylbutanoate)",cpd02498_c --> cpd00001_c + cpd00123_c,PSPTO_5057,0.0,1000.0
rxn02175_c,pantetheine-phosphate adenylyltransferase,cpd00002_c + cpd00834_c <=> cpd00012_c + cpd00655_c,PSPTO_0417,-1000.0,1000.0
rxn00141_c,adenosylhomocysteinase,cpd00001_c + cpd00019_c <=> cpd00135_c + cpd00182_c,PSPTO_5068,-1000.0,1000.0
rxn02277_c,dethiobiotin synthase,cpd00002_c + cpd00011_c + cpd00764_c --> cpd00008_c + cpd00009_c + 3.0 cpd00067_c + cpd01311_c,PSPTO_0498,0.0,1000.0
rxn00126_c,methionine adenosyltransferase,cpd00001_c + cpd00002_c + cpd00060_c --> cpd00009_c + cpd00012_c + cpd00017_c,PSPTO_0383,0.0,1000.0
rxn01200_c,transketolase,cpd00102_c + cpd00238_c <=> cpd00101_c + cpd00198_c,PSPTO_0385,-1000.0,1000.0
rxn02504_c,dihydroneopterin aldolase,cpd02961_c <=> cpd00229_c + cpd00954_c,PSPTO_0542,-1000.0,1000.0
rxn01116_c,ribulose 5-phosphate 3-epimerase,cpd00171_c <=> cpd00198_c,PSPTO_0566,-1000.0,1000.0
rxn00791_c,anthranilate phosphoribosyltransferase,cpd00093_c + cpd00103_c --> cpd00012_c + cpd02642_c,PSPTO_0593,0.0,1000.0
rxn02507_c,indole-3-glycerol-phosphate synthase,cpd00067_c + cpd00956_c --> cpd00001_c + cpd00011_c + cpd02210_c,PSPTO_0594,0.0,1000.0
rxn00127_c,Adenosylmethionine decarboxylase,cpd00017_c + cpd00067_c --> cpd00011_c + cpd00837_c,PSPTO_0598,0.0,1000.0
rxn00670_c,acetyl-CoAphosphate acetyltransferase,cpd00009_c + cpd00067_c + cpd00086_c --> cpd00010_c + cpd01844_c,PSPTO_1169,0.0,0.0
rxn03236_c,4a-hydroxytetrahydrobiopterin dehydratase;,cpd03897_c <=> cpd00001_c + cpd00231_c,PSPTO_1821,-1000.0,1000.0
rxn00541_c,L-Threonine acetaldehyde-lyase,cpd00161_c --> cpd00033_c + cpd00071_c,PSPTO_0410,0.0,1000.0
rxn10474_c,cobalt transport in/out via permease (no H+),cpd00149_c <=> cpd00149_e,PSPTO_1846 or PSPTO_4807,-1000.0,1000.0
rxn00303_c,GTP diphosphokinase,cpd00002_c + cpd00038_c <=> cpd00018_c + cpd02740_c,PSPTO_1694,-1000.0,1000.0
rxn09566_c,pyridoxal oxidase,2.0 cpd00001_c + 0.5 cpd00007_c + cpd00013_c + cpd00215_c --> 2.0 cpd00025_c + cpd00419_c,PSPTO_4116,0.0,1000.0
rxn01973_c,succinyl-diaminopimelate desuccinylase,cpd00001_c + cpd02698_c <=> cpd00036_c + cpd00504_c,PSPTO_1523,-1000.0,1000.0
rxn06023_c,acyl-carrier protein synthase,cpd00010_c + cpd12370_c <=> cpd00045_c + cpd11493_c,PSPTO_1675,-1000.0,1000.0
rxn10090_c,Cobinamide adenyltransferase,cpd00001_c + cpd00002_c + cpd03422_c <=> cpd00009_c + cpd00012_c + cpd03918_c,PSPTO_1708,-1000.0,1000.0
rxn08707_c,Heme O synthase,cpd00001_c + cpd00028_c + cpd00350_c <=> cpd00012_c + cpd11313_c,PSPTO_1329,-1000.0,1000.0
rxn00139_c,adenine phosphoribosyltransferase,cpd00103_c + cpd00128_c --> cpd00012_c + cpd00018_c,PSPTO_1990,0.0,1000.0
rxn02271_c,S-(2-Methylbutanoyl)-dihydrolipoamide,cpd00449_c + cpd00760_c <=> cpd00010_c + cpd03045_c,PSPTO_2200,-1000.0,1000.0
rxn01255_c,chorismate synthase,cpd00932_c --> cpd00009_c + cpd00067_c + cpd00216_c,PSPTO_2043,0.0,1000.0
rxn05092_c,"1,2-dihydroxy-3-keto-5-methylthiopentene dioxygenase (2-keto-4-methylthiobutyrate)",cpd00007_c + cpd11255_c --> cpd00047_c + cpd00067_c + cpd00869_c,PSPTO_2046,0.0,1000.0
rxn00222_c,beta-D-Glucoside glucohydrolase,cpd00001_c + cpd00158_c --> 2.0 cpd00027_c,PSPTO_4290,0.0,1000.0
rxn13884_c,UDP-diacyl-GlcN pyrophosphatase,cpd00001_c + cpd17070_c <=> 2.0 cpd00067_c + cpd00091_c + cpd17069_c,PSPTO_3745,-1000.0,1000.0
rxn00693_c,methionine synthase,cpd00135_c + cpd00345_c <=> cpd00060_c + cpd00087_c,PSPTO_2732,-1000.0,1000.0
rxn03052_c,5-methyltetrahydropteroyltriglutamate-homocysteine S-methyltransferase,cpd00135_c + cpd02738_c <=> cpd00060_c + cpd02555_c,PSPTO_4179,-1000.0,1000.0
rxn05244_c,L-isoleucine transport in via proton symport,cpd00067_e + cpd00322_e <=> cpd00067_c + cpd00322_c,PSPTO_2206,-1000.0,1000.0
rxn00290_c,3-oxoacid CoA-transferase (Succinyl-CoA: acetoacetate),cpd00078_c + cpd00142_c <=> cpd00036_c + cpd00279_c,PSPTO_3455,-1000.0,1000.0
rxn01825_c,"homogentisate 1,2-dioxygenase",cpd00007_c + cpd00426_c --> cpd00067_c + cpd00763_c,PSPTO_3551,0.0,1000.0
rxn05063_c,carbamate hydro-lyase,cpd00001_c + cpd01015_c <=> cpd01101_c,PSPTO_1930,-1000.0,1000.0
rxn13797_c,3-oxo-C12-homoserine lactone acylase,cpd00001_c + cpd17082_c <=> cpd00067_c + cpd01581_c + cpd16660_c,PSPTO_2161,-1000.0,1000.0
rxn04786_c,"L-2,4-diaminobutyrate:2-ketoglutarate 4-aminotransferase, PvdH",cpd00023_c + cpd00346_c <=> cpd00024_c + cpd02095_c,PSPTO_2136,-1000.0,1000.0
rxn02986_c,6-pyruvoyltetrahydropterin synthase,cpd02978_c <=> cpd00067_c + cpd00421_c + cpd02315_c,PSPTO_3430,-1000.0,1000.0
rxn05559_c,Formate transporter,cpd00047_e + cpd00067_e <=> cpd00047_c + cpd00067_c,PSPTO_3296,-1000.0,1000.0
rxn00710_c,orotidine-5'-phosphate decarboxylase,cpd00067_c + cpd00810_c --> cpd00011_c + cpd00091_c,PSPTO_2028,0.0,1000.0
rxn03513_c,precorrin-3B C17-methyltransferase,cpd00017_c + cpd03833_c <=> cpd00019_c + 2.0 cpd00067_c + cpd03834_c,PSPTO_4874,-1000.0,1000.0
rxn13800_c,Aerobactin transport via ABC system,cpd00001_c + cpd00002_c + cpd03294_e --> cpd00008_c + cpd00009_c + cpd00067_c + cpd03294_c,PSPTO_5561,0.0,1000.0
rxn05451_c,12-methyl-tetra-decanoyl-ACP[acyl-carrier-protein] transferase,cpd00010_c + cpd11515_c <=> cpd11439_c + cpd11493_c,PSPTO_3833,-1000.0,1000.0
rxn13880_c,Pseudomonas Tetraacyldisaccharide 4'kinase,cpd00002_c + cpd17067_c <=> cpd00008_c + cpd00067_c + cpd17068_c,PSPTO_3845,-1000.0,1000.0
rxn05957_c,O-succinylhomoserine lyase (H2S),cpd00239_c + cpd00822_c --> cpd00036_c + cpd00067_c + cpd00135_c,PSPTO_3810,0.0,1000.0
rxn00297_c,UDP-N-acetylglucosamine 2-epimerase,cpd00037_c <=> cpd00861_c,PSPTO_1196,-1000.0,1000.0
rJB00226_c,Sodium-propionate symporter,cpd00141_e + cpd00971_e <=> cpd00141_c + cpd00971_c,PSPTO_1624,-1000.0,1000.0
rxn01672_c,dCTP deaminase,cpd00001_c + cpd00067_c + cpd00356_c --> cpd00013_c + cpd00358_c,PSPTO_4144,0.0,1000.0
rxn10254_c,anteisoheptadecanoyl-Diacylglycerol kinase,cpd00002_c + cpd15702_c <=> cpd00008_c + cpd15678_c,PSPTO_4026,-1000.0,1000.0
rxn00132_c,5'-nucleotidase (AMP),cpd00001_c + cpd00018_c --> cpd00009_c + cpd00067_c + cpd00182_c,PSPTO_1562,0.0,1000.0
rxn00459_c,enolase,cpd00482_c <=> cpd00001_c + cpd00061_c,PSPTO_1554,-1000.0,1000.0
rxn02331_c,2-dehydro-3-deoxy-phosphooctonate aldolase,cpd00001_c + cpd00061_c + cpd00817_c --> cpd00009_c + cpd00067_c + cpd02730_c,PSPTO_1553,0.0,1000.0
rxn13874_c,pseudomonas Lipid A disaccaride synthase,cpd17069_c + cpd17070_c <=> cpd00014_c + cpd00067_c + cpd17067_c,PSPTO_1547,-1000.0,1000.0
rxn05030_c,undecaprenyl-diphosphate synthase,cpd00113_c + cpd02746_c --> cpd00012_c + cpd02229_c,PSPTO_1538,0.0,1000.0
rxn00119_c,UMP kinase,cpd00002_c + cpd00091_c <=> cpd00008_c + cpd00014_c,PSPTO_1536,-1000.0,1000.0
rxn10206_c,anteisoheptadecanoyl-glycerol-3-phosphate O-acyltransferase,cpd00080_c + cpd11434_c --> cpd00010_c + cpd15672_c,PSPTO_1520,0.0,1000.0
rxn08067_c,adentylate kinase (ITP),cpd00018_c + cpd00068_c <=> cpd00008_c + cpd00090_c,PSPTO_1509,-1000.0,1000.0
rxn00917_c,GMP synthase (glutamine-hydrolysing),cpd00001_c + cpd00002_c + cpd00053_c + cpd00497_c --> cpd00012_c + cpd00018_c + cpd00023_c + cpd00067_c + cpd00126_c,PSPTO_1450,0.0,1000.0
rxn00409_c,nucleoside-diphosphate kinase (ATP:CDP),cpd00002_c + cpd00096_c <=> cpd00008_c + cpd00052_c,PSPTO_1430,-1000.0,1000.0
rxn00423_c,serine O-acetyltransferase,cpd00022_c + cpd00054_c --> cpd00010_c + cpd00722_c,PSPTO_1421,0.0,1000.0
rxn00131_c,AMP nucleosidase,cpd00001_c + cpd00018_c <=> cpd00101_c + cpd00128_c,PSPTO_4795,-1000.0,1000.0
rxn06441_c,Leucyl-tRNA synthetase,cpd00002_c + cpd00067_c + cpd00107_c + cpd11916_c --> cpd00012_c + cpd00018_c + cpd12003_c,PSPTO_4812,0.0,1000.0
rxn10199_c,Peptidoglycan subunit synthesis,cpd03495_c <=> cpd02229_c + cpd15665_c,PSPTO_4825,-1000.0,1000.0
rxn13044_c,nonaprenyl-4-hydroxybenzoate decarboxylase,cpd00067_c + cpd02419_c <=> cpd00011_c + cpd16768_c,PSPTO_0730,-1000.0,1000.0
rxn05551_c,ethanolamine transport in/out via proton symport,cpd00067_e + cpd00162_e --> cpd00067_c + cpd00162_c,PSPTO_2026,0.0,1000.0
rxn00001_c,inorganic diphosphatase,cpd00001_c + cpd00012_c --> 2.0 cpd00009_c + cpd00067_c,PSPTO_0722,0.0,1000.0
rxn13826_c,dimethylallyltranstransferase,cpd00113_c + cpd00202_c <=> cpd00012_c + cpd00283_c,PSPTO_0699,-1000.0,1000.0
rxn03408_c,UDP-N-acetylglucosamine-N-acetylmuramyl-(pentapeptide)pyrophosphoryl-undecaprenol N-acetylglucosamine transferase,cpd00037_c + cpd03494_c <=> cpd00014_c + cpd03495_c,PSPTO_4408,-1000.0,1000.0
rxn02008_c,UDP-N-acetylmuramoyl-L-alanyl-D-glutamate synthetase,cpd00002_c + cpd00186_c + cpd00890_c --> cpd00008_c + cpd00009_c + cpd00067_c + cpd00525_c,PSPTO_4410,0.0,1000.0
rxn03904_c,"phospho-N-acetylmuramoyl-pentapeptide-transferase (meso-2,6-diaminopimelate)",cpd00286_c + cpd02968_c <=> cpd00091_c + cpd03494_c,PSPTO_4411,-1000.0,1000.0
rxn02011_c,"UDP-N-acetylmuramoyl-L-alanyl-D-glutamyl-meso-2,6-diaminopimelate synthetase",cpd00002_c + cpd00516_c + cpd00525_c --> cpd00008_c + cpd00009_c + cpd00067_c + cpd02964_c,PSPTO_4413,0.0,1000.0
rxn06448_c,Tryptophanyl-tRNA synthetase,cpd00002_c + cpd00065_c + cpd00067_c + cpd11923_c --> cpd00012_c + cpd00018_c + cpd12336_c,PSPTO_4429,0.0,1000.0
rxn00789_c,ATP phosphoribosyltransferase,cpd00002_c + cpd00103_c --> cpd00012_c + cpd01775_c,PSPTO_4439,0.0,1000.0
rxn00461_c,UDP-N-acetylglucosamine 1-carboxyvinyltransferase,cpd00037_c + cpd00061_c <=> cpd00009_c + cpd00067_c + cpd02820_c,PSPTO_4441,-1000.0,1000.0
rJB00241_c,Pyroglutamate porin,cpd01293_e <=> cpd01293_c,PSPTO_4560,-1000.0,1000.0
rxn09037_c,Octaprenyl pyrophosphate synthase,5.0 cpd00113_c + cpd00350_c --> 5.0 cpd00012_c + cpd02557_c,PSPTO_0796,0.0,1000.0
rxn09179_c,protoporphyrinogen oxidase,1.5 cpd00007_c + cpd00791_c --> 3.0 cpd00001_c + cpd01476_c,PSPTO_1110,0.0,1000.0
rxn10227_c,anteisoheptadecanoyl-CDPdiacylglycerol-serine O-phosphatidyltransferase,cpd00054_c + cpd15684_c --> cpd00046_c + cpd00067_c + cpd15690_c,PSPTO_0984,0.0,1000.0
rxn00912_c,3-methyl-2-oxobutanoate hydroxymethyltransferase,cpd00001_c + cpd00123_c + cpd00125_c <=> cpd00087_c + cpd00712_c,PSPTO_0961,-1000.0,1000.0
rxn01791_c,pantothenate synthase,cpd00002_c + cpd00085_c + cpd00408_c --> cpd00012_c + cpd00018_c + cpd00644_c,PSPTO_0960,0.0,1000.0
rxn01485_c,phosphoglucosamine mutase,cpd03671_c <=> cpd00288_c,PSPTO_4495,-1000.0,1000.0
rxn00832_c,IMP cyclohydrolase,cpd00001_c + cpd00114_c <=> cpd02884_c,PSPTO_4866,-1000.0,1000.0
rxn02875_c,N-acetylmuramoyl-L-alanine amidase,cpd00001_c + cpd01923_c <=> cpd00035_c + cpd03485_c,PSPTO_4945,-1000.0,1000.0
rxn10233_c,anteisoheptadecanoyl-phosphatidylserine decarboxylase,2.0 cpd00067_c + cpd15690_c <=> cpd00011_c + cpd15696_c,PSPTO_4955,-1000.0,1000.0
rxn09997_c,4-amino-5-hydroxymethyl-2-methylpyrimidine synthetase,cpd00001_c + cpd02140_c <=> 0.5 cpd00007_c + cpd00009_c + 2.0 cpd00067_c + cpd00229_c + cpd00939_c,PSPTO_4976,-1000.0,1000.0
rxn13878_c,3-deoxy-D-manno-octulosonic acid transferase,cpd02546_c + cpd17066_c <=> cpd00046_c + cpd00067_c + cpd17055_c,PSPTO_4978,-1000.0,1000.0
rxn13867_c,"alpha 1,3-glucosyltransferase",3.0 cpd00026_c + cpd17060_c --> 3.0 cpd00014_c + cpd17061_c,PSPTO_5001,0.0,1000.0
rPY00221_c,heptosyltransferase II,cpd03831_c + cpd17058_c --> cpd00008_c + cpd17059_c,PSPTO_5003,0.0,1000.0
rxn06077_c,L-methionine-S-oxide reductase (trdrd),cpd00001_c + cpd00060_c + cpd11420_c <=> cpd01914_c + cpd11421_c,PSPTO_0405,-1000.0,1000.0
rxn02268_c,acyl-CoA dehydrogenase (2-methylbutnoyl-CoA),cpd00007_c + 2.0 cpd00760_c --> 2.0 cpd00001_c + 2.0 cpd02125_c,PSPTO_5020,0.0,1000.0
rxn01739_c,shikimate kinase,cpd00002_c + cpd00383_c <=> cpd00008_c + cpd02030_c,PSPTO_5127,-1000.0,1000.0
rxn06432_c,Arginyl-tRNA synthetase,cpd00002_c + cpd00051_c + cpd00067_c + cpd11907_c --> cpd00012_c + cpd00018_c + cpd12036_c,PSPTO_5138,0.0,1000.0
rxn12879_c,"2-methoxy-6-polyprenyl-1,4-benzoquinol methylase",cpd00017_c + cpd16766_c <=> cpd00019_c + cpd16764_c,PSPTO_5150,-1000.0,1000.0
rxn02834_c,phosphoribosyl-ATP pyrophosphatase,cpd00001_c + cpd01775_c --> cpd00012_c + cpd01777_c,PSPTO_5154,0.0,1000.0
rxn02085_c,urocanase,cpd02311_c <=> cpd00001_c + cpd00581_c,PSPTO_5270,-1000.0,1000.0
rxn00549_c,fructose-bisphosphatase,cpd00001_c + cpd00290_c --> cpd00009_c + cpd00067_c + cpd00072_c,PSPTO_5168,0.0,1000.0
rxn03175_c,1-(5-phosphoribosyl)-5-[(5-phosphoribosylamino)methylideneamino)imidazole-4-carboxamide isomerase (irreversible),cpd02979_c <=> cpd02991_c,PSPTO_5335,-1000.0,1000.0
rxn02473_c,imidazoleglycerol-phosphate dehydratase,cpd02843_c --> cpd00001_c + cpd00930_c,PSPTO_5338,0.0,1000.0
rxn01997_c,"dTDPglucose 4,6-dehydratase",cpd00626_c --> cpd00001_c + cpd00521_c,PSPTO_1081,0.0,1000.0
rxn01675_c,glucose-1-phosphate thymidylyltransferase,cpd00089_c + cpd00357_c <=> cpd00012_c + cpd00626_c,PSPTO_1079,-1000.0,1000.0
rxn02000_c,"dTDP-4-dehydrorhamnose 3,5-epimerase",cpd00521_c <=> cpd00522_c,PSPTO_1077,-1000.0,1000.0
rxn00137_c,"3',5'-bisphosphate nucleotidase",cpd00001_c + cpd00045_c --> cpd00009_c + cpd00018_c + cpd00067_c,PSPTO_5401,0.0,1000.0
rxn00469_c,acetylornithine deacetylase,cpd00001_c + cpd00342_c <=> cpd00029_c + cpd00064_c,PSPTO_0323,-1000.0,1000.0
rxn01974_c,diaminopimelate epimerase,cpd00504_c <=> cpd00516_c,PSPTO_0224,-1000.0,1000.0
rxn09167_c,pyruvate oxidase,cpd00001_c + cpd00020_c + cpd15560_c --> cpd00011_c + cpd00029_c + cpd15561_c,PSPTO_2510,0.0,1000.0
rxn09177_c,phosphopantothenate-cysteine ligase,cpd00052_c + cpd00084_c + cpd02201_c --> cpd00012_c + cpd00046_c + cpd02666_c,PSPTO_0085,0.0,1000.0
rxn00704_c,phosphoglucomutase,cpd00089_c <=> cpd00079_c,PSPTO_0083,-1000.0,1000.0
rxn01362_c,orotate phosphoribosyltransferase,cpd00012_c + cpd00810_c <=> cpd00103_c + cpd00247_c,PSPTO_0080,-1000.0,1000.0
rxn00242_c,"guanosine-3',5'-bis(diphosphate) 3'-pyrophosphohydrolase",cpd00001_c + cpd00905_c --> cpd00012_c + cpd00031_c,PSPTO_0073,0.0,1000.0
rxn03893_c,4-hydroxybenzoate octaprenyltransferase,cpd00136_c + cpd02557_c --> cpd00012_c + cpd03443_c,PSPTO_5476,0.0,1000.0
rxn05214_c,citrate transport in via Mg complex,cpd00067_e + cpd00137_e + cpd00254_e <=> cpd00067_c + cpd00137_c + cpd00254_c,PSPTO_0062,-1000.0,1000.0
rxn00124_c,pyridoxal kinase (Pyridoxal),cpd00002_c + cpd00215_c <=> cpd00008_c + cpd00016_c,PSPTO_5521,-1000.0,1000.0
rxn03638_c,glucosamine-1-phosphate N-acetyltransferase,cpd00022_c + cpd03671_c --> cpd00010_c + cpd00067_c + cpd02611_c,PSPTO_5597,0.0,1000.0
bio1,GramNegativeBiomass auto biomass,35.5403092430435 cpd00001_c + 40.1101757365074 cpd00002_c + 0.00309646685192537 cpd00003_c + 0.00309646685192537 cpd00006_c + 0.00309646685192537 cpd00010_c + 0.00309646685192537 cpd00015_c + 0.00309646685192537 cpd00016_c + 0.00309646685192537 cpd00017_c + 0.219088153012743 cpd00023_c + 0.00309646685192537 cpd00028_c + 0.00309646685192537 cpd00030_c + 0.509869786991038 cpd00033_c + 0.00309646685192537 cpd00034_c + 0.427934380173264 cpd00035_c + 0.135406821203723 cpd00038_c + 0.285438020490179 cpd00039_c + 0.200830806928348 cpd00041_c + 0.00309646685192537 cpd00042_c + 0.00309646685192537 cpd00048_c + 0.246696822701341 cpd00051_c + 0.0841036156544863 cpd00052_c + 0.219088153012743 cpd00053_c + 0.179456352975885 cpd00054_c + 0.00309646685192537 cpd00056_c + 0.00309646685192537 cpd00058_c + 0.127801422590767 cpd00060_c + 0.0908319049068452 cpd00062_c + 0.00309646685192537 cpd00063_c + 0.0472019191450218 cpd00065_c + 0.154519490031345 cpd00066_c + 0.120676604606612 cpd00069_c + 0.0761464922056484 cpd00084_c + 0.00309646685192537 cpd00087_c + 0.00309646685192537 cpd00099_c + 0.375388847540127 cpd00107_c + 0.0133600941727996 cpd00115_c + 0.00309646685192537 cpd00118_c + 0.0792636000737159 cpd00119_c + 0.184354665339991 cpd00129_c + 0.200830806928348 cpd00132_c + 0.00309646685192537 cpd00149_c + 0.352233189091625 cpd00156_c + 0.211072732780569 cpd00161_c + 0.00309646685192537 cpd00166_c + 0.00309646685192537 cpd00201_c + 0.00309646685192537 cpd00205_c + 0.00309646685192537 cpd00220_c + 0.0186785009658086 cpd00241_c + 0.00309646685192537 cpd00254_c + 0.00309646685192537 cpd00264_c + 0.241798510337235 cpd00322_c + 0.00309646685192537 cpd00345_c + 0.0186785009658086 cpd00356_c + 0.0133600941727996 cpd00357_c + 0.00309646685192537 cpd00557_c + 0.0250105977108944 cpd02229_c + 0.00309646685192537 cpd10515_c + 0.00309646685192537 cpd10516_c + 0.00309646685192537 cpd11493_c + 0.00309646685192537 cpd15352_c + 0.0250105977108944 cpd15432_c + 0.00309646685192537 cpd15500_c + 0.0106480421341882 cpd15533_c + 0.0106480421341882 cpd15540_c + 0.00309646685192537 cpd15560_c + 0.0250105977108944 cpd15665_c + 0.0106480421341882 cpd15695_c + 0.0106480421341882 cpd15696_c + 0.0106480421341882 cpd15722_c + 0.0106480421341882 cpd15723_c + 0.0106480421341882 cpd15793_c + 0.0106480421341882 cpd15794_c + 0.0106480421341882 cpd15795_c + cpd17041_c + cpd17042_c + cpd17043_c --> 40 cpd00008_c + 39.9969035331481 cpd00009_c + 0.484595268549648 cpd00012_c + 40 cpd00067_c + 0.00309646685192537 cpd01997_c + 0.00309646685192537 cpd03422_c + cpd11416_c + 0.00309646685192537 cpd12370_c + 0.0250105977108944 cpd15666_c,,0.0,1000.0
PAO1_Biomass,Pseudomonas biomass,0.0001 cJB00125_c + 0.0013602 cPY00124_c + 0.0030243 cPY00129_c + 0.00079222 cPY00132_c + 0.0015844 cPY00135_c + 0.00053681 cPY00138_c + 0.00097843 cPY00140_c + 59.81 cpd00001_c + 59.81 cpd00002_c + 0.10147 cpd00018_c + 0.22711 cpd00023_c + 0.0001 cpd00028_c + 0.31517 cpd00033_c + 0.43505 cpd00035_c + 0.10702 cpd00039_c + 0.19852 cpd00041_c + 0.20202 cpd00046_c + 0.28478 cpd00051_c + 0.15885 cpd00053_c + 0.20628 cpd00054_c + 0.075597 cpd00060_c + 0.055547 cpd00065_c + 0.13262 cpd00066_c + 0.094677 cpd00069_c + 0.037522 cpd00084_c + 0.099817 cpd00091_c + 0.46473 cpd00107_c + 0.56945 cpd00118_c + 0.080962 cpd00119_c + 0.0001 cpd00125_c + 0.19855 cpd00126_c + 0.18967 cpd00129_c + 0.098535 cpd00132_c + 2.5e-05 cpd00155_c + 0.25796 cpd00156_c + 0.15587 cpd00161_c + 0.03128 cpd00206_c + 0.016114 cpd00294_c + 0.03128 cpd00296_c + 0.016114 cpd00298_c + 0.15571 cpd00322_c + 0.0078591 cpd15428_c + 0.0041649 cpd15429_c + 0.00037815 cpd15430_c + 0.011889 cpd15431_c + 0.047824 cpd15531_c + 0.020287 cpd15532_c + 0.0020692 cpd15533_c + 0.068198 cpd15534_c + 0.012557 cpd15538_c + 0.0037982 cpd15539_c + 0.00042166 cpd15540_c + 0.011557 cpd15541_c + 0.053367 cpd15665_c + 0.025523 cpd17066_c --> 59.81 cpd00008_c + 59.81 cpd00009_c + 0.69664 cpd00012_c + 59.81 cpd00067_c,,0.0,1000.0
PA_Biomass_v13ub,Pseudomonas biomass,1e-06 cJB00125_c + 0.0013602 cPY00124_c + 0.0030243 cPY00129_c + 0.00079222 cPY00132_c + 0.0015844 cPY00135_c + 0.00053681 cPY00138_c + 0.00097843 cPY00140_c + 59.81 cpd00001_c + 59.81 cpd00002_c + 0.10147 cpd00018_c + 0.22711 cpd00023_c + 1e-06 cpd00028_c + 0.31517 cpd00033_c + 0.43505 cpd00035_c + 0.10702 cpd00039_c + 0.19852 cpd00041_c + 0.20202 cpd00046_c + 0.28478 cpd00051_c + 0.15885 cpd00053_c + 0.20628 cpd00054_c + 0.075597 cpd00060_c + 0.055547 cpd00065_c + 0.13262 cpd00066_c + 0.094677 cpd00069_c + 0.037522 cpd00084_c + 0.099817 cpd00091_c + 0.46473 cpd00107_c + 0.56945 cpd00118_c + 0.080962 cpd00119_c + 0.19855 cpd00126_c + 0.18967 cpd00129_c + 0.098535 cpd00132_c + 2.5e-05 cpd00155_c + 0.25796 cpd00156_c + 0.15587 cpd00161_c + 0.03128 cpd00206_c + 0.016114 cpd00294_c + 0.03128 cpd00296_c + 0.016114 cpd00298_c + 0.15571 cpd00322_c + 0.0078591 cpd15428_c + 0.0041649 cpd15429_c + 0.00037815 cpd15430_c + 0.011889 cpd15431_c + 0.047824 cpd15531_c + 0.020287 cpd15532_c + 0.0020692 cpd15533_c + 0.068198 cpd15534_c + 0.012557 cpd15538_c + 0.0037982 cpd15539_c + 0.00042166 cpd15540_c + 0.011557 cpd15541_c + 0.053367 cpd15665_c + 0.025523 cpd17066_c --> 59.81 cpd00008_c + 59.81 cpd00009_c + 0.69664 cpd00012_c + 59.81 cpd00067_c,,0.0,1000.0
PA_Biomass_v13,Pseudomonas biomass,0.0013602 cPY00124_c + 0.0030243 cPY00129_c + 0.00079222 cPY00132_c + 0.0015844 cPY00135_c + 0.00053681 cPY00138_c + 0.00097843 cPY00140_c + 59.81 cpd00001_c + 59.81 cpd00002_c + 0.10147 cpd00018_c + 0.22711 cpd00023_c + 1e-06 cpd00028_c + 0.31517 cpd00033_c + 0.43505 cpd00035_c + 0.10702 cpd00039_c + 0.19852 cpd00041_c + 0.20202 cpd00046_c + 0.28478 cpd00051_c + 0.15885 cpd00053_c + 0.20628 cpd00054_c + 0.075597 cpd00060_c + 0.055547 cpd00065_c + 0.13262 cpd00066_c + 0.094677 cpd00069_c + 0.037522 cpd00084_c + 0.099817 cpd00091_c + 0.46473 cpd00107_c + 0.56945 cpd00118_c + 0.080962 cpd00119_c + 0.19855 cpd00126_c + 0.18967 cpd00129_c + 0.098535 cpd00132_c + 2.5e-05 cpd00155_c + 0.25796 cpd00156_c + 0.15587 cpd00161_c + 0.03128 cpd00206_c + 0.016114 cpd00294_c + 0.03128 cpd00296_c + 0.016114 cpd00298_c + 0.15571 cpd00322_c + 0.0078591 cpd15428_c + 0.0041649 cpd15429_c + 0.00037815 cpd15430_c + 0.011889 cpd15431_c + 0.047824 cpd15531_c + 0.020287 cpd15532_c + 0.0020692 cpd15533_c + 0.068198 cpd15534_c + 0.012557 cpd15538_c + 0.0037982 cpd15539_c + 0.00042166 cpd15540_c + 0.011557 cpd15541_c + 0.053367 cpd15665_c + 0.025523 cpd17066_c --> 59.81 cpd00008_c + 59.81 cpd00009_c + 0.69664 cpd00012_c + 59.81 cpd00067_c,,0.0,1000.0
PA_Biomass_v4,Pseudomonas biomass limited lipids,59.81 cpd00001_c + 59.81 cpd00002_c + 0.10147 cpd00018_c + 0.22711 cpd00023_c + 1e-06 cpd00028_c + 0.31517 cpd00033_c + 0.43505 cpd00035_c + 0.10702 cpd00039_c + 0.19852 cpd00041_c + 0.20202 cpd00046_c + 0.28478 cpd00051_c + 0.15885 cpd00053_c + 0.20628 cpd00054_c + 0.075597 cpd00060_c + 0.055547 cpd00065_c + 0.13262 cpd00066_c + 0.094677 cpd00069_c + 0.037522 cpd00084_c + 0.099817 cpd00091_c + 0.46473 cpd00107_c + 0.56945 cpd00118_c + 0.080962 cpd00119_c + 0.19855 cpd00126_c + 0.18967 cpd00129_c + 0.098535 cpd00132_c + 2.5e-05 cpd00155_c + 0.25796 cpd00156_c + 0.15587 cpd00161_c + 0.03128 cpd00206_c + 0.016114 cpd00294_c + 0.03128 cpd00296_c + 0.016114 cpd00298_c + 0.15571 cpd00322_c + 0.047824 cpd15531_c + 0.020287 cpd15532_c + 0.0020692 cpd15533_c + 0.068198 cpd15534_c + 0.012557 cpd15538_c + 0.0037982 cpd15539_c + 0.00042166 cpd15540_c + 0.011557 cpd15541_c + 0.053367 cpd15665_c + 0.025523 cpd17066_c --> 59.81 cpd00008_c + 59.81 cpd00009_c + 0.69664 cpd00012_c + 59.81 cpd00067_c,,0.0,1000.0
